Author,Date,Favorites,Hashtags,Query,Retweets,Tweet,URL
'Guardian US',2020-11-08,32,['[]'],Who won the elections?,5,Joe Biden calls for unity in victory speech after election win https://t.co/yYXU8hweHn,https://twitter.com/twitter/statuses/[1325257784242401282]
'TEAKINS',2020-12-06,0,"[""[{'text': '2020Election', 'indices': [63, 76]}, {'text': '4MoreYears', 'indices': [77, 88]}, {'text': 'Trump2020', 'indices': [89, 99]}]""]",Who won the elections?,0,Does anyone out there actually believe Biden won the election? #2020Election #4MoreYears #Trump2020,https://twitter.com/twitter/statuses/[1335671026894712832]
'Bloomberg Politics',2020-11-08,51,['[]'],Who won the elections?,13,"Democratic Representative Abigail Spanberger won re-election to the Virginia seat she flipped in 2018, AP projects https://t.co/QQWHCNmhi7",https://twitter.com/twitter/statuses/[1325516184515702784]
'Joe Biden',2020-11-04,696524,['[]'],Who won the elections?,45410,We feel good about where we are. We believe we are on track to win this election.,https://twitter.com/twitter/statuses/[1323868327744253952]
'HuffPost Politics',2020-11-08,108,['[]'],Who won the elections?,24,President-elect Joe Biden addresses the nation after clinching the necessary 270 electoral college votes to win the 2020 election. https://t.co/Tfx2cU2Wv4,https://twitter.com/twitter/statuses/[1325238677124026370]
'Guardian US',2020-11-08,7,['[]'],Who won the elections?,1,How do you feel? Share your reaction to Joe Biden winning the US election https://t.co/lGniacc58i,https://twitter.com/twitter/statuses/[1325433893709770752]
'Guardian US',2020-11-08,7,['[]'],Who won the elections?,0,How do you feel? Share your reaction to Joe Biden winning the US election https://t.co/GY5WsXJwkj,https://twitter.com/twitter/statuses/[1325393613526884353]
'HuffPost Politics',2020-11-01,7,['[]'],Who won the elections?,2,"""Heres how food will play a role in the 2020 election. https://t.co/sm4mzYprAc""",https://twitter.com/twitter/statuses/[1322771244270395394]
'Bloomberg Politics',2020-11-04,0,['[]'],Who won the elections?,173,"RT @business: BREAKING: Joe Biden is projected to win the key battleground state of Minnesota, AP reports https://t.co/Zwa3aVOMTI #Election‚Ä¶",https://twitter.com/twitter/statuses/[1323856511530139648]
'Guardian US',2020-11-08,4,['[]'],Who won the elections?,3,How do you feel? Share your reaction to Joe Biden winning the US election https://t.co/lGniactGwS,https://twitter.com/twitter/statuses/[1325479191924649984]
'Weird World Wire',2020-12-05,0,"[""[{'text': 'AdolphHitler', 'indices': [0, 13]}, {'text': 'USAElections2020', 'indices': [59, 76]}]""]",Who won the elections?,0,#AdolphHitler Wins Election in Namibia and you thought the #USAElections2020 was funny https://t.co/DnMxc00tfO,https://twitter.com/twitter/statuses/[1335103592500432898]
'Joe Biden',2020-11-04,1957764,['[]'],Who won the elections?,189629,"Keep the faith, guys. We‚Äôre gonna win this.",https://twitter.com/twitter/statuses/[1323865811031785472]
'CNN Politics',2020-11-04,173,"[""[{'text': 'CNNElection', 'indices': [85, 97]}]""]",Who won the elections?,37,CNN PROJECTION: Donald Trump wins Alabama and South Carolina https://t.co/bBAN3mHlmO #CNNElection https://t.co/A5eXJ3cGrc,https://twitter.com/twitter/statuses/[1323820282071732224]
'CNN Politics',2020-11-04,240,"[""[{'text': 'CNNElection', 'indices': [63, 75]}]""]",Who won the elections?,61,CNN PROJECTION: Donald Trump wins Ohio https://t.co/8J9tXU2i9g #CNNElection https://t.co/88PBdcsSRl,https://twitter.com/twitter/statuses/[1323853490666557440]
'Guardian US',2020-11-07,52,['[]'],Who won the elections?,7,Joe Biden beats Donald Trump to win US election ‚Äì live 2020 updates\n https://t.co/EY7wQIQAF9,https://twitter.com/twitter/statuses/[1325114066977828869]
'Guardian US',2020-11-07,60,['[]'],Who won the elections?,12,Joe Biden beats Donald Trump to win US election ‚Äì live 2020 updates\n https://t.co/K7gWnLtjrW,https://twitter.com/twitter/statuses/[1325114929188319236]
'Guardian US',2020-11-04,3,['[]'],Who won the elections?,0,2020 election: what we know so far https://t.co/AN9WyW3SA8,https://twitter.com/twitter/statuses/[1323795139224084480]
'CNN Politics',2020-11-04,146,"[""[{'text': 'CNNElection', 'indices': [63, 75]}]""]",Who won the elections?,25,CNN PROJECTION: Donald Trump wins Ohio https://t.co/8J9tXU2i9g #CNNElection https://t.co/a7BYwaYRhP,https://twitter.com/twitter/statuses/[1323855550690545664]
'Guardian US',2020-10-30,1,['[]'],Who won the elections?,3,First Thing election special: could 2020 be 2016 all over again? https://t.co/xUNPFaZatK,https://twitter.com/twitter/statuses/[1322142278765477888]
'Bloomberg Politics',2020-11-04,0,"[""[{'text': 'Election2020', 'indices': [95, 108]}]""]",Who won the elections?,63,RT @business: BREAKING: Senate Republican leader Mitch McConnell wins Kentucky re-election bid #Election2020 https://t.co/js0hCy4hbC https:‚Ä¶,https://twitter.com/twitter/statuses/[1323793155897085955]
'Joe Biden',2020-11-04,1172509,['[]'],Votes count,131898,Count every vote.,https://twitter.com/twitter/statuses/[1324066382846320641]
'Bernie Sanders',2020-11-04,88208,['[]'],Votes count,10769,Count every vote. https://t.co/gYpZtR9972,https://twitter.com/twitter/statuses/[1324111683988672512]
'Joe Biden',2020-11-05,234731,['[]'],Votes count,20920,Every vote must be counted. https://t.co/kWLGRfeePK,https://twitter.com/twitter/statuses/[1324341948568621056]
'The New York Times',2020-11-07,495,['[]'],Votes count,50,"See where the vote count in Nevada stands now, and follow live election results here.\nhttps://t.co/4O5Y22TR5Z",https://twitter.com/twitter/statuses/[1324904419016708096]
'The New York Times',2020-11-07,786,['[]'],Votes count,68,"See where the vote count in Nevada stands now, and follow live election results here.\nhttps://t.co/eSLpINX2K9",https://twitter.com/twitter/statuses/[1324977418843660288]
'Joe Biden',2020-11-04,511611,['[]'],Votes count,47447,"Every vote must be counted. No one is going to take our democracy away from us, not now, not ever.",https://twitter.com/twitter/statuses/[1324107906246086656]
'The Washington Post',2020-11-04,247,['[]'],Votes count,64,Analysis: Where votes are still being counted https://t.co/yYYChPmTBS,https://twitter.com/twitter/statuses/[1323985875915649024]
'Joe Biden',2020-11-05,916798,['[]'],Votes count,60074,"Be patient, folks. Votes are being counted, and we feel good about where we are.",https://twitter.com/twitter/statuses/[1324406121721786369]
'Kamala Harris',2020-11-05,309673,['[]'],Votes count,21906,Every single vote must be counted.,https://twitter.com/twitter/statuses/[1324365016607428608]
'The Washington Post',2020-11-05,269,['[]'],Votes count,44,Analysis: Where votes are still being counted https://t.co/lrXr6GQRmz,https://twitter.com/twitter/statuses/[1324258932731334656]
'The New York Times',2020-11-07,523,['[]'],Votes count,50,"See where the vote count in Arizona stands now, and follow live election results here.\nhttps://t.co/A8TtmbiSeQ",https://twitter.com/twitter/statuses/[1324954785783668737]
'Guardian US',2020-11-07,3,['[]'],Votes count,0,Why is the Nevada vote count taking so long? https://t.co/qTBhQovUvt,https://twitter.com/twitter/statuses/[1324884544139497473]
'The New York Times',2020-11-05,293,"[""[{'text': 'Election2020', 'indices': [71, 84]}]""]",Votes count,32,"See where the vote count in North Carolina stands now, and follow live #Election2020 results here.\nhttps://t.co/5Pm04x4MwR",https://twitter.com/twitter/statuses/[1324418740340051969]
'The Washington Post',2020-11-05,193,['[]'],Votes count,49,Analysis: Where votes are still being counted https://t.co/wMst7sWnIf,https://twitter.com/twitter/statuses/[1324358070865219584]
'The New York Times',2020-11-07,926,['[]'],Votes count,93,"See where the vote count in Pennsylvania stands now, and follow live election results here.\nhttps://t.co/KCq9wjAdM2",https://twitter.com/twitter/statuses/[1325045405860638720]
'Bloomberg Politics',2020-11-05,3,['[]'],Votes count,3,Trump campaign sues to halt Philadelphia vote count https://t.co/vCWqACrlHS,https://twitter.com/twitter/statuses/[1324481328394440704]
'The Washington Post',2020-11-04,798,['[]'],Votes count,77,Philadelphia keeps counting https://t.co/qlAFJ3lbH2 https://t.co/lfxMdcrheS,https://twitter.com/twitter/statuses/[1323852238972952578]
'CNN Politics',2020-10-29,383,['[]'],Votes count,58,"North Carolina can count votes received 9 days after Election Day, Supreme Court rules https://t.co/zdHNfIlrsV https://t.co/jhyvFnOTQV",https://twitter.com/twitter/statuses/[1321738813354508288]
'The Washington Post',2020-11-05,1416,['[]'],Votes count,184,"""Heres what Nevada looks like, with an estimated 87 percent of votes counted https://t.co/S3uV1Iw7wZ https://t.co/2f6fca6fDP""",https://twitter.com/twitter/statuses/[1324412706322059265]
'Joe Biden',2020-11-05,572142,['[]'],Votes count,47946,"The people will not be silenced, be bullied, or surrender.\n\nEvery vote must be counted.",https://twitter.com/twitter/statuses/[1324490426649317376]
'CNN Politics',2020-11-09,1114,['[]'],Is Joe Biden the president,81,Joe Biden to announce coronavirus task force as part of his presidential transition https://t.co/wr8TCVBFo1 https://t.co/uuNgXyaOSS,https://twitter.com/twitter/statuses/[1325742188261728256]
'CNN Politics',2020-11-07,4305,['[]'],Is Joe Biden the president,313,Joe Biden to announce coronavirus task force as part of his presidential transition https://t.co/XxOj8aky7u https://t.co/5hVRyxR3JQ,https://twitter.com/twitter/statuses/[1325200373980651527]
'Hastalavista',2020-12-05,0,"[""[{'text': 'US', 'indices': [11, 14]}, {'text': 'USAElections2020', 'indices': [30, 47]}]""]",Is Joe Biden the president,0,"So, who is #US President now?\n#USAElections2020",https://twitter.com/twitter/statuses/[1335109732554731520]
'The Washington Post',2020-11-03,75,['[]'],Is Joe Biden the president,16,How turnout and swing voters could get Trump or Biden to 270 https://t.co/qY16HV5dxo,https://twitter.com/twitter/statuses/[1323678349571575809]
'Guardian US',2020-11-09,20,['[]'],Is Joe Biden the president,6,"""Joe Bidens coronavirus task force to meet as first public schedule released https://t.co/ESljJrnwbU""",https://twitter.com/twitter/statuses/[1325689401603665923]
'CNN Politics',2020-11-08,2650,['[]'],Is Joe Biden the president,212,Joe Biden to announce coronavirus task force as part of his presidential transition https://t.co/0uo8SGUAG1 https://t.co/9H02ZGOKpR,https://twitter.com/twitter/statuses/[1325365702908383234]
'CNN Politics',2020-11-04,698,"[""[{'text': 'CNNElection', 'indices': [64, 76]}]""]",Is Joe Biden the president,60,CNN PROJECTION: Joe Biden wins Colorado https://t.co/Pk5S0zN4qq #CNNElection https://t.co/eKbGqtMiKK,https://twitter.com/twitter/statuses/[1323817803212795904]
'Guardian US',2020-10-29,2,['[]'],Is Joe Biden the president,2,"US election polls tracker: who is leading in swing states, Trump or Biden? https://t.co/3IgTZBWN2F",https://twitter.com/twitter/statuses/[1321802019863220225]
'The Washington Post',2020-11-04,586,['[]'],Is Joe Biden the president,45,"Joe Biden has won Rhode Island and its four electoral votes, according to Edison Research https://t.co/XJesN92lrk https://t.co/bImgexgVqe",https://twitter.com/twitter/statuses/[1323871169636872193]
'HuffPost Politics',2020-11-11,215,['[]'],Is Joe Biden the president,39,"President Trump has yet to concede, or invite President-elect Joe Biden to the White House. https://t.co/FG4DvwCwgn",https://twitter.com/twitter/statuses/[1326635227888971780]
'moneycontrol',2020-12-05,10,"[""[{'text': 'MCopinion', 'indices': [0, 10]}, {'text': 'JoeBiden', 'indices': [170, 179]}, {'text': 'DonaldTrump', 'indices': [180, 192]}, {'text': 'USElections2020', 'indices': [193, 209]}, {'text': 'USelections', 'indices': [210, 222]}]""]",Is Joe Biden the president,1,"#MCopinion | Joe Biden will be the next US President, but future elections in the country will likely show the scars of the 2020 presidential elections: @sree\n\n@JoeBiden #JoeBiden #DonaldTrump #USElections2020 #USelections\nhttps://t.co/bCvt64uLZV",https://twitter.com/twitter/statuses/[1335199880441040896]
'Guardian US',2020-11-03,19,['[]'],Is Joe Biden the president,5,"""Joe Biden returns to childhood home in Scranton: From this house to the White House https://t.co/DtYZWdCaZ1""",https://twitter.com/twitter/statuses/[1323722773471047681]
'Bloomberg Politics',2020-11-07,0,"[""[{'text': 'Election2020', 'indices': [32, 45]}]""]",Is Joe Biden the president,104,RT @bopinion: Joe Biden did it. #Election2020 https://t.co/88mQVCCifg https://t.co/OhVk8AtODl,https://twitter.com/twitter/statuses/[1325127736839430146]
'Joe Biden',2020-10-27,157419,['[]'],Is Joe Biden the president,27811,Black lives matter. No president should be afraid to say it. https://t.co/636AQZ04lW,https://twitter.com/twitter/statuses/[1321138590789726209]
'CNN Politics',2020-10-27,70,['[]'],Is Joe Biden the president,6,"Fact-checking Joe Biden on ""60 Minutes"" https://t.co/mmQuUMB7Gr https://t.co/uMXQj7mDnz",https://twitter.com/twitter/statuses/[1320909370176212992]
'Bloomberg Politics',2020-11-05,155,['[]'],Is Joe Biden the president,21,Biden‚Äôs team has launched a transition website while the presidential election remains unresolved https://t.co/rxjwpy6W3L,https://twitter.com/twitter/statuses/[1324145203108847616]
'The Washington Post',2020-11-04,1084,['[]'],Is Joe Biden the president,107,"Joe Biden has won Hawaii and its four electoral votes, according to Edison Research https://t.co/2twFzshj6a https://t.co/0Cl5y9lPGU",https://twitter.com/twitter/statuses/[1323923986485596160]
'CNN Politics',2020-11-02,145,['[]'],Is Joe Biden the president,35,"""White House unleashes on Dr. Anthony Fauci after his criticism of Dr. Scott Atlas and President Trumps pandemic response https://t.co/uAwpCkVVzG https://t.co/eCOZT0zfq1""",https://twitter.com/twitter/statuses/[1323135017787314176]
'Guardian US',2020-11-03,3,['[]'],Is Joe Biden the president,2,"US election polls tracker: who is leading in swing states, Trump or Biden? https://t.co/zbR17zBnS7",https://twitter.com/twitter/statuses/[1323555709573804032]
'Guardian US',2020-11-01,6,['[]'],Is Joe Biden the president,4,"US election polls tracker: who is leading in swing states, Trump or Biden? https://t.co/kjXGHVQTtw",https://twitter.com/twitter/statuses/[1322854079354331137]
'The Washington Post',2020-11-05,511,['[]'],Pennsylvania votes,74,"""Heres what Pennsylvania looks like, with an estimated 93 percent of votes counted https://t.co/c5XB2G32gE https://t.co/h9N74Kzruo""",https://twitter.com/twitter/statuses/[1324488440835121153]
'Bloomberg Politics',2020-11-06,3,['[]'],Pennsylvania votes,8,Pennsylvania court orders segregation of provisional ballots https://t.co/nIBkfNJhet,https://twitter.com/twitter/statuses/[1324804003746766848]
'The Washington Post',2020-11-05,482,['[]'],Pennsylvania votes,80,"""Heres what Pennsylvania looks like, with an estimated 92 percent of votes counted https://t.co/bQ6E6hHdmL https://t.co/VbOUl4vpCn""",https://twitter.com/twitter/statuses/[1324446554619600896]
'Joe Biden',2020-11-03,204757,['[]'],Pennsylvania votes,15800,"""Lets win this thing, Pennsylvania! https://t.co/jmCXbuL5V3""",https://twitter.com/twitter/statuses/[1323747783732535300]
'CNN Politics',2020-10-30,617,['[]'],Pennsylvania votes,86,"The Biden campaign will focus on Pennsylvania on Monday, the final day before the election https://t.co/vyCrBjJFFc",https://twitter.com/twitter/statuses/[1322177467663208451]
'CNN Politics',2020-10-30,747,['[]'],Pennsylvania votes,93,"The Biden campaign will focus on Pennsylvania on Monday, the final day before the election https://t.co/YJfukMXSUl",https://twitter.com/twitter/statuses/[1322311850273497088]
'The New York Times',2020-11-07,62481,['[]'],Pennsylvania votes,12478,Breaking News: Joe Biden defeated President Trump and has been elected the next president of the United States. He clinched the Electoral College with Pennsylvania. https://t.co/T5oI1lGlIF,https://twitter.com/twitter/statuses/[1325113737112678401]
'Bloomberg Politics',2020-11-06,0,"[""[{'text': 'Election2020', 'indices': [73, 86]}]""]",Pennsylvania votes,52,"""RT @business: Heres the latest from Pennsylvania as the count continues #Election2020 https://t.co/CkqfMG2l8i https://t.co/JKepNKksDs""",https://twitter.com/twitter/statuses/[1324562521756475392]
'The Washington Post',2020-11-07,4362,['[]'],Pennsylvania votes,342,"Biden is projected to win Pennsylvania, according to Edison Research https://t.co/THGpKsXs04 https://t.co/1UIQKCIRq6",https://twitter.com/twitter/statuses/[1325114457908011008]
'The New York Times',2020-11-07,926,['[]'],Pennsylvania votes,93,"See where the vote count in Pennsylvania stands now, and follow live election results here.\nhttps://t.co/KCq9wjAdM2",https://twitter.com/twitter/statuses/[1325045405860638720]
'The New York Times',2020-11-07,566,['[]'],Pennsylvania votes,63,"See where the vote count in Pennsylvania stands now, and follow live election results here: \nhttps://t.co/Eaf7QILdXW",https://twitter.com/twitter/statuses/[1324874230987689986]
'The New York Times',2020-11-05,631,"[""[{'text': 'Election2020', 'indices': [69, 82]}]""]",Pennsylvania votes,59,"See where the vote count in Pennsylvania stands now, and follow live #Election2020 results here.\nhttps://t.co/Q7DI0GZaxp",https://twitter.com/twitter/statuses/[1324353298854535168]
'Akajesus',2020-11-28,0,"[""[{'text': 'USElectionResults', 'indices': [118, 136]}, {'text': 'USElection', 'indices': [137, 148]}]""]",Pennsylvania votes,0,"Trump On Pennsylvania: The 1,126,940 Votes Came From A Thin Air https://t.co/i3e0k0Bl0G via @YouTube @realDonaldTrump #USElectionResults #USElection",https://twitter.com/twitter/statuses/[1332606746905423873]
'The Washington Post',2020-11-06,0,['[]'],Pennsylvania votes,26,"RT @PostGraphics: As of 5 p.m., there were more than 326,000 mail-in ballots outstanding in Pennsylvania with nearly 85,000 in Philadelphia‚Ä¶",https://twitter.com/twitter/statuses/[1324510124183007237]
'The New York Times',2020-11-06,621,"[""[{'text': 'Election2020', 'indices': [69, 82]}]""]",Pennsylvania votes,91,"See where the vote count in Pennsylvania stands now, and follow live #Election2020 results here: \nhttps://t.co/t65yD8mn2W",https://twitter.com/twitter/statuses/[1324587336378781696]
'Bloomberg Politics',2020-11-07,0,['[]'],Pennsylvania votes,61,"RT @BBGVisualData: Joe Biden is projected to win the presidency after clinching the battleground state of Pennsylvania, AP reports \n\nhttps:‚Ä¶",https://twitter.com/twitter/statuses/[1325120907971424256]
'Bloomberg Politics',2020-11-07,0,['[]'],Pennsylvania votes,514,"RT @business: BREAKING: Joe Biden is projected to win the presidency after clinching the battleground state of Pennsylvania, AP reports htt‚Ä¶",https://twitter.com/twitter/statuses/[1325112741267468292]
'The Washington Post',2020-11-01,1136,['[]'],Pennsylvania votes,141,Democrats grow more anxious about Pennsylvania https://t.co/K0XCevRmmB,https://twitter.com/twitter/statuses/[1322732739049775104]
'The New York Times',2020-11-05,480,"[""[{'text': 'Election2020', 'indices': [69, 82]}]""]",Pennsylvania votes,63,"See where the vote count in Pennsylvania stands now, and follow live #Election2020 results here.\nhttps://t.co/vqIiapQLoj",https://twitter.com/twitter/statuses/[1324423774352121856]
'CNN Politics',2020-11-03,681,['[]'],Pennsylvania votes,79,"""Twitter labels and restricts President Trumps post about voting in Pennsylvania on election eve https://t.co/PjwabqZddI https://t.co/zFTnF3TtCq""",https://twitter.com/twitter/statuses/[1323460920786472962]
'rebelDonaldTrump',2020-12-06,0,"[""[{'text': 'georgia', 'indices': [27, 35]}, {'text': 'voters', 'indices': [36, 43]}, {'text': 'vote', 'indices': [52, 57]}, {'text': 'democracy', 'indices': [112, 122]}]""]",Georgia voter,5,RT @SCVIndy: Suggested for #georgia #voters\n\nPlease #vote @ossoff @ReverendWarnock to end trump attack American #democracy\n\nTrump lies at h‚Ä¶,https://twitter.com/twitter/statuses/[1335668867100594176]
'Bombshell DAILY üí£',2020-12-06,0,"[""[{'text': 'vote', 'indices': [57, 62]}]""]",Georgia voter,141,RT @BombshellDAILY: UNFAZED\nLife or death voters.\nBravo! #vote,https://twitter.com/twitter/statuses/[1335661529967038465]
'CNN Politics',2020-10-28,99,['[]'],Georgia voter,14,The fate of a key swing state may be in the hands of voters from this Florida county https://t.co/7GrwHMJ2fQ,https://twitter.com/twitter/statuses/[1321441343592370178]
'Bert Kroek',2020-12-04,0,"[""[{'text': 'USAElections2020', 'indices': [0, 17]}]""]",Georgia voter,0,#USAElections2020 The Georgia hearing ... With the bombshell Video evidence of voter fraude. 3:49:48 https://t.co/fS35pR6Nyl,https://twitter.com/twitter/statuses/[1334662691106025476]
'Natalka Suber',2020-12-06,0,"[""[{'text': 'voters', 'indices': [7, 14]}, {'text': 'DonaldTrump', 'indices': [18, 30]}]""]",Georgia voter,0,"""To the #voters of #DonaldTrump!\nChoose correctly now 2 Georgias Democrats for the Senate! https://t.co/KcAmM1Rv5b""",https://twitter.com/twitter/statuses/[1335609562087428100]
'JakeMusc96',2020-12-06,0,"[""[{'text': 'georgia', 'indices': [27, 35]}, {'text': 'voters', 'indices': [36, 43]}, {'text': 'vote', 'indices': [52, 57]}, {'text': 'democracy', 'indices': [112, 122]}]""]",Georgia voter,5,RT @SCVIndy: Suggested for #georgia #voters\n\nPlease #vote @ossoff @ReverendWarnock to end trump attack American #democracy\n\nTrump lies at h‚Ä¶,https://twitter.com/twitter/statuses/[1335672938918506496]
'Tough Love ‚ù§Ô∏è\U0001f9e2 #ResistüëâüèΩDP üëâüèΩPutinsgay üëâüèΩ\U0001f92b',2020-12-06,0,"[""[{'text': 'georgia', 'indices': [27, 35]}, {'text': 'voters', 'indices': [36, 43]}, {'text': 'vote', 'indices': [52, 57]}, {'text': 'democracy', 'indices': [112, 122]}]""]",Georgia voter,5,RT @SCVIndy: Suggested for #georgia #voters\n\nPlease #vote @ossoff @ReverendWarnock to end trump attack American #democracy\n\nTrump lies at h‚Ä¶,https://twitter.com/twitter/statuses/[1335669639980806146]
'The Washington Post',2020-11-10,146,['[]'],Georgia voter,30,"Opinion: Did ""Shy Trump Voters"" throw off the polls? Maybe not. https://t.co/glIZVwyfAq",https://twitter.com/twitter/statuses/[1326031480221560837]
'üåà–ØŒû√êP≈Ç≈Å≈Å√êŒût–§–ñüåä',2020-12-06,0,['[]'],Georgia voter,2,"RT @HolTal: If you were a Georgia voter, what would get your attention in a postcard. I‚Äôm sending 100 out to fellow GA voters and need insp‚Ä¶",https://twitter.com/twitter/statuses/[1335662658020839425]
'Melody Wilson' 'Melody Wilson',2020-12-06 2020-12-06,0 0,"[""[{'text': '2020Election', 'indices': [94, 107]}, {'text': 'elenaparent', 'indices': [108, 120]}]""
 ""[{'text': '2020Election', 'indices': [94, 107]}, {'text': 'elenaparent', 'indices': [108, 120]}]""]",Georgia voter,1674 1710,"RT @theangiestanton: Georgia Senator Elena Parent asks for evidence. Meanwhile she‚Äôs caught üòÇ #2020Election #elenaparent https://t.co/cb3Fn‚Ä¶
 RT @theangiestanton: Georgia Senator Elena Parent asks for evidence. Meanwhile she‚Äôs caught üòÇ #2020Election #elenaparent https://t.co/cb3Fn‚Ä¶",https://twitter.com/twitter/statuses/[1335675811828011008 1335675811828011008]
'Bloomberg Politics',2020-11-03,0,['[]'],Georgia voter,3,RT @BloombergTV: Donald Trump\xa0and Joe Biden\xa0offer their closing arguments to voters https://t.co/LMTZsbPszJ https://t.co/49ujOGuqdR,https://twitter.com/twitter/statuses/[1323646897911959553]
'The Washington Post',2020-11-04,209,['[]'],Georgia voter,22,"Amid pandemic and polarization, voters break turnout records in some key states https://t.co/0KKgbmmXvF https://t.co/NEwYsE1LTx",https://twitter.com/twitter/statuses/[1323878663222427648]
'Mr Peabody',2020-12-06,0,['[]'],Georgia voter,6,"RT @abynaa_eryka: Fellow Ghanaians, Please and please again, we need every eligible voter out there every vote is very important. Your vote‚Ä¶",https://twitter.com/twitter/statuses/[1335694831587389440]
'Stephanie N üá≥üá±üå∑üö≤üßÄüêÑüåä',2020-12-06,19,"[""[{'text': 'trump', 'indices': [24, 30]}, {'text': 'Georgia', 'indices': [123, 131]}, {'text': 'Elections2021', 'indices': [133, 147]}, {'text': 'VoteBlue', 'indices': [149, 158]}]""]",Georgia voter,3,@funder I hope that ALL #trump voters do what the boss tells them to do!!! Vote for perdue and loefler on the 5th of June!\n#Georgia \n#Elections2021 \n#VoteBlue,https://twitter.com/twitter/statuses/[1335507286912012290]
'Bloomberg Politics',2020-11-04,18,['[]'],Georgia voter,7,A federal judge appeared skeptical of an attempt by Pennsylvania Republicans to prevent a suburban Philadelphia county from counting mail-in ballots that voters were permitted to fix after they were notified of deficiencies https://t.co/1XcGGA7y4r,https://twitter.com/twitter/statuses/[1324079232318844932]
'Slade' 'Slade',2020-12-06 2020-12-06,0 0,"[""[{'text': '2020Election', 'indices': [94, 107]}, {'text': 'elenaparent', 'indices': [108, 120]}]""
 ""[{'text': '2020Election', 'indices': [94, 107]}, {'text': 'elenaparent', 'indices': [108, 120]}]""]",Georgia voter,1674 1710,"RT @theangiestanton: Georgia Senator Elena Parent asks for evidence. Meanwhile she‚Äôs caught üòÇ #2020Election #elenaparent https://t.co/cb3Fn‚Ä¶
 RT @theangiestanton: Georgia Senator Elena Parent asks for evidence. Meanwhile she‚Äôs caught üòÇ #2020Election #elenaparent https://t.co/cb3Fn‚Ä¶",https://twitter.com/twitter/statuses/[1335676942033424384 1335676942033424384]
'CNN Politics',2020-10-29,122,['[]'],Georgia voter,26,The fate of a key swing state may be in the hands of voters from this Florida county https://t.co/Ya3Zzh3js8,https://twitter.com/twitter/statuses/[1321692760940924929]
'Laurenzo',2020-12-06,1,"[""[{'text': 'voteblue', 'indices': [41, 50]}, {'text': 'GeorgiansVoteRevWarnockAndOssoffToSaveAmerica', 'indices': [51, 97]}, {'text': 'vote', 'indices': [98, 103]}]""]",Georgia voter,0,"Vote, Georgia. Save yourselves. Save us. #voteblue #GeorgiansVoteRevWarnockAndOssoffToSaveAmerica #vote https://t.co/phW6lU4yfa",https://twitter.com/twitter/statuses/[1335410311566929920]
'Kay' 'Kay',2020-12-06 2020-12-06,0 0,['[]' '[]'],Georgia voter,1 6,"RT @abynaa_eryka: Fellow Ghanaians, Please and please again, we need every eligible voter out there every vote is very important. Your vote‚Ä¶
 RT @abynaa_eryka: Fellow Ghanaians, Please and please again, we need every eligible voter out there every vote is very important. Your vote‚Ä¶",https://twitter.com/twitter/statuses/[1335690996756197383 1335690996756197383]
'Kwabena Agyemang Jr.üÄÑÔ∏è',2020-12-06,0,['[]'],Georgia voter,6,"RT @abynaa_eryka: Fellow Ghanaians, Please and please again, we need every eligible voter out there every vote is very important. Your vote‚Ä¶",https://twitter.com/twitter/statuses/[1335691290126725121]
'The Washington Post',2020-11-04,559,['[]'],Texas votes,78,"Donald Trump is projected to win Texas and its 38 electoral votes, according to Edison Research https://t.co/226WWfo9f5 https://t.co/dZK954WH4r",https://twitter.com/twitter/statuses/[1323884761027383299]
'HuffPost Politics',2020-11-01,56,['[]'],Texas votes,22,"""I regret livin\ in Texas"" is the punchline. https://t.co/TsO0dKV6GJ",https://twitter.com/twitter/statuses/[1322844270324256768]
'The Washington Post',2020-11-04,524,['[]'],Texas votes,128,"""Heres the breakdown in Texas, where an estimated 76 percent of votes have been counted. https://t.co/pRIKdIc8TZ https://t.co/9NM2uiJ3PD""",https://twitter.com/twitter/statuses/[1323823834844303363]
'CNN Politics',2020-11-04,196,"[""[{'text': 'CNNElection', 'indices': [64, 76]}]""]",Texas votes,32,CNN PROJECTION: Donald Trump wins Texas https://t.co/8n221PBMEO #CNNElection https://t.co/JOLam0fhHB,https://twitter.com/twitter/statuses/[1323872595880628224]
'CNN Politics',2020-10-29,608,['[]'],Texas votes,92,Texas casts more than 8.4 million votes ‚Äî 94% of total 2016 vote https://t.co/1GxJtdFY8g https://t.co/1zJP2NQbU0,https://twitter.com/twitter/statuses/[1321828901061087232]
'CNN Politics',2020-11-04,212,"[""[{'text': 'CNNElection', 'indices': [64, 76]}]""]",Texas votes,39,CNN PROJECTION: Donald Trump wins Texas https://t.co/8n221PBMEO #CNNElection https://t.co/v1OkjT9sGO,https://twitter.com/twitter/statuses/[1323874579543171072]
'The Washington Post',2020-11-04,197,['[]'],Texas votes,43,"Here is a look at Texas, where an estimated 44 percent of votes have been counted https://t.co/qBB8WMytII",https://twitter.com/twitter/statuses/[1323800721481977857]
'Guardian US',2020-11-03,20,['[]'],Texas votes,6,Judge dismisses Republican effort to invalidate Texas drive-through ballots https://t.co/RLvcZRyxFF,https://twitter.com/twitter/statuses/[1323707461136752641]
'Bloomberg Politics',2020-11-04,0,"[""[{'text': 'Election2020', 'indices': [99, 112]}]""]",Texas votes,195,"RT @business: BREAKING: Donald Trump is projected to win Texas, AP reports https://t.co/RJLRgBA1b2 #Election2020 https://t.co/1z3WMbcQdl",https://twitter.com/twitter/statuses/[1323869786175086592]
'Kamala Harris',2020-11-01,71455,['[]'],Texas votes,9793,Something big is happening in Texas. https://t.co/fNXqlVthok,https://twitter.com/twitter/statuses/[1322735427594395648]
'HuffPost Politics',2020-11-04,0,"[""[{'text': 'Election2020', 'indices': [86, 99]}]""]",Texas votes,17,"RT @HuffPost: BREAKING: Donald Trump is projected to win Texas, according to the @AP. #Election2020 https://t.co/IwRjU2daEi https://t.co/ba‚Ä¶",https://twitter.com/twitter/statuses/[1323870427924504576]
'CNN Politics',2020-10-29,64,['[]'],Texas votes,37,Texas landowners are facing the coronavirus pandemic and land seizures along the US-Mexico border for the border wall https://t.co/VWDPUWh5Ap https://t.co/FRGqom8MO4,https://twitter.com/twitter/statuses/[1321770014840655875]
'Bloomberg Politics',2020-11-01,31,['[]'],Texas votes,6,"The Supreme Court of Texas denied a Republican effort to render more than 120,000 votes in Harris County invalid because they were cast by drive-thru https://t.co/H64IpOs6Lx",https://twitter.com/twitter/statuses/[1323003164803686400]
'Guardian US',2020-11-02,4,['[]'],Texas votes,2,Lone Star turn: Kamala Harris campaigns in Texas in bid to flip state https://t.co/McEi6L3z1M,https://twitter.com/twitter/statuses/[1323214540956442630]
'CNN Politics',2020-11-01,1037,['[]'],Texas votes,123,"NEW: Texas Supreme Court denies GOP-led petition seeking to invalidate nearly 127,000 votes in Houston area https://t.co/fo6ellbjh3 https://t.co/dhvEfs91lQ",https://twitter.com/twitter/statuses/[1322996631336345606]
'CNN Politics',2020-11-01,2881,['[]'],Texas votes,825,Biden campaign cancels Texas event after Trump supporters surround bus on interstate https://t.co/m6OdjURq4G https://t.co/KcQs6INOsk,https://twitter.com/twitter/statuses/[1322706680161992706]
'The Washington Post',2020-11-04,360,['[]'],Texas votes,40,"Trump projected to win Texas, crushing ""Blue Texas"" dreams once again https://t.co/rDd1IMC7dC",https://twitter.com/twitter/statuses/[1323886812520189952]
'The Washington Post',2020-11-03,1152,['[]'],Texas votes,120,Federal judge allows Texas‚Äôs Harris County to count ballots cast via drive-through voting https://t.co/21VVHJ0UYl,https://twitter.com/twitter/statuses/[1323438526818603008]
'Gitte Moller',2020-12-04,0,"[""[{'text': 'Media', 'indices': [14, 20]}, {'text': 'BigTech', 'indices': [27, 35]}, {'text': 'USElections', 'indices': [88, 100]}]""]",Texas votes,154,RT @omarbula: #Media &amp; #BigTech censorship of news related to probable fraud in the #USElections is the very proof of fraud itself...elemen‚Ä¶,https://twitter.com/twitter/statuses/[1334691157742325761]
'President-Elect Garbanzo üá∫üá≤‚≠ê' 'President-Elect Garbanzo üá∫üá≤‚≠ê',2020-12-06 2020-12-06,0 0,"[""[{'text': '2020Election', 'indices': [94, 107]}, {'text': 'elenaparent', 'indices': [108, 120]}]""
 ""[{'text': '2020Election', 'indices': [94, 107]}, {'text': 'elenaparent', 'indices': [108, 120]}]""]",Texas votes,1674 1710,"RT @theangiestanton: Georgia Senator Elena Parent asks for evidence. Meanwhile she‚Äôs caught üòÇ #2020Election #elenaparent https://t.co/cb3Fn‚Ä¶
 RT @theangiestanton: Georgia Senator Elena Parent asks for evidence. Meanwhile she‚Äôs caught üòÇ #2020Election #elenaparent https://t.co/cb3Fn‚Ä¶",https://twitter.com/twitter/statuses/[1335665530695454726 1335665530695454726]
'Emperatriz',2020-12-04,0,"[""[{'text': 'Media', 'indices': [14, 20]}, {'text': 'BigTech', 'indices': [27, 35]}, {'text': 'USElections', 'indices': [88, 100]}]""]",Kamala Harris,154,RT @omarbula: #Media &amp; #BigTech censorship of news related to probable fraud in the #USElections is the very proof of fraud itself...elemen‚Ä¶,https://twitter.com/twitter/statuses/[1334731358166540288]
'Joe Biden',2020-11-02,84268,['[]'],Kamala Harris,7836,"""Together, were going to rebuild our economy. And when we do, well not only build it back ‚Äî well build it back better.""",https://twitter.com/twitter/statuses/[1323369292499484684]
'lucia mora',2020-12-04,0,"[""[{'text': 'Media', 'indices': [14, 20]}, {'text': 'BigTech', 'indices': [27, 35]}, {'text': 'USElections', 'indices': [88, 100]}]""]",Kamala Harris,154,RT @omarbula: #Media &amp; #BigTech censorship of news related to probable fraud in the #USElections is the very proof of fraud itself...elemen‚Ä¶,https://twitter.com/twitter/statuses/[1334669411899355137]
'Christopher Price' 'Christopher Price',2020-12-06 2020-12-06,0 0,['[]' '[]'],Kamala Harris,349 386,"RT @theangiestanton: FRAUDS OF A FEATHER:\n\nAin‚Äôt this something! My opponent and Senator Elena Parent seem pretty close. I wonder if Elena‚Ä¶
 RT @theangiestanton: FRAUDS OF A FEATHER:\n\nAin‚Äôt this something! My opponent and Senator Elena Parent seem pretty close. I wonder if Elena‚Ä¶",https://twitter.com/twitter/statuses/[1335686108156473345 1335686108156473345]
'Defender1994üá∫üá∏üá∫üá∏üá∫üá∏üá∫üá∏üá∫üá∏',2020-12-04,0,['[]'],Kamala Harris,981,"RT @TheLeoTerrell: Trump Supporters!  We have to protect @realDonaldTrump legacy. During his four years, our President made America Great A‚Ä¶",https://twitter.com/twitter/statuses/[1334915457975980035]
'Robin Enochs' 'Robin Enochs',2020-12-06 2020-12-06,0 0,['[]' '[]'],Kamala Harris, 92 109,"RT @EpochTimes: ‚ÄúNo one will trust our our election system ever again if we don‚Äôt fix it this time.‚Äù\n\nPresident Trump should keep fighting‚Ä¶
 RT @EpochTimes: ‚ÄúNo one will trust our our election system ever again if we don‚Äôt fix it this time.‚Äù\n\nPresident Trump should keep fighting‚Ä¶",https://twitter.com/twitter/statuses/[1335688384543649792 1335688384543649792]
'interimspace',2020-12-06,0,['[]'],Kamala Harris,109,RT @EpochTimes: ‚ÄúNo one will trust our our election system ever again if we don‚Äôt fix it this time.‚Äù\n\nPresident Trump should keep fighting‚Ä¶,https://twitter.com/twitter/statuses/[1335691745313558535]
'lgoose' 'lgoose',2020-12-06 2020-12-06,0 0,['[]' '[]'],Kamala Harris,349 386,"RT @theangiestanton: FRAUDS OF A FEATHER:\n\nAin‚Äôt this something! My opponent and Senator Elena Parent seem pretty close. I wonder if Elena‚Ä¶
 RT @theangiestanton: FRAUDS OF A FEATHER:\n\nAin‚Äôt this something! My opponent and Senator Elena Parent seem pretty close. I wonder if Elena‚Ä¶",https://twitter.com/twitter/statuses/[1335676709643952128 1335676709643952128]
'The New York Times',2020-11-07,254403,['[]'],Kamala Harris,62268,Kamala Harris has made history. https://t.co/oaiZpnB1sB https://t.co/lKGNBRFAfA,https://twitter.com/twitter/statuses/[1325115145698340864]
'Progressive Cabinet Picks In My Bio',2020-12-05,16,"[""[{'text': 'BernieSanders', 'indices': [20, 34]}]""]",Kamala Harris,1,MSNBC - 12/5/2020 - #BernieSanders on @AliVelshi show talking about the latest on the coronavirus relief bill\n\n3/3 https://t.co/6j3DwOSiCn,https://twitter.com/twitter/statuses/[1335257495842000896]
'Lita Johnson',2020-12-04,0,['[]'],Kamala Harris,981,"RT @TheLeoTerrell: Trump Supporters!  We have to protect @realDonaldTrump legacy. During his four years, our President made America Great A‚Ä¶",https://twitter.com/twitter/statuses/[1334870117990223878]
'ViennaRoseeüá∫üá∏' 'ViennaRoseeüá∫üá∏',2020-12-06 2020-12-06,0 0,['[]' '[]'],Kamala Harris,474 476,"RT @EpochTimes: ‚ÄúNo one will trust our our election system ever again if we don‚Äôt fix it this time.‚Äù\n\nPresident Trump should keep fighting‚Ä¶
 RT @EpochTimes: ‚ÄúNo one will trust our our election system ever again if we don‚Äôt fix it this time.‚Äù\n\nPresident Trump should keep fighting‚Ä¶",https://twitter.com/twitter/statuses/[1335680984260386816 1335680984260386816]
'Nicole Church',2020-12-04,0,['[]'],Kamala Harris,981,"RT @TheLeoTerrell: Trump Supporters!  We have to protect @realDonaldTrump legacy. During his four years, our President made America Great A‚Ä¶",https://twitter.com/twitter/statuses/[1334917815497736193]
'Joe Hernandez' 'Joe Hernandez',2020-12-06 2020-12-06,0 0,['[]' '[]'],Kamala Harris, 92 109,"RT @EpochTimes: ‚ÄúNo one will trust our our election system ever again if we don‚Äôt fix it this time.‚Äù\n\nPresident Trump should keep fighting‚Ä¶
 RT @EpochTimes: ‚ÄúNo one will trust our our election system ever again if we don‚Äôt fix it this time.‚Äù\n\nPresident Trump should keep fighting‚Ä¶",https://twitter.com/twitter/statuses/[1335686351283351555 1335686351283351555]
"'Flying Gabriel - Release the Kraken üá≥üáø üìñ üåè'
 'Flying Gabriel - Release the Kraken üá≥üáø üìñ üåè'",2020-12-06 2020-12-06,0 0,['[]' '[]'],Kamala Harris, 92 109,"RT @EpochTimes: ‚ÄúNo one will trust our our election system ever again if we don‚Äôt fix it this time.‚Äù\n\nPresident Trump should keep fighting‚Ä¶
 RT @EpochTimes: ‚ÄúNo one will trust our our election system ever again if we don‚Äôt fix it this time.‚Äù\n\nPresident Trump should keep fighting‚Ä¶",https://twitter.com/twitter/statuses/[1335687286713769985 1335687286713769985]
'Laura',2020-12-06,0,['[]'],Kamala Harris,386,RT @theangiestanton: FRAUDS OF A FEATHER:\n\nAin‚Äôt this something! My opponent and Senator Elena Parent seem pretty close. I wonder if Elena‚Ä¶,https://twitter.com/twitter/statuses/[1335692612767019011]
'Kamala Harris',2020-11-04,297308,['[]'],Kamala Harris,34782,Stay in line.,https://twitter.com/twitter/statuses/[1323785466743840773]
'kathy' 'kathy',2020-12-06 2020-12-06,0 0,['[]' '[]'],Kamala Harris, 92 109,"RT @EpochTimes: ‚ÄúNo one will trust our our election system ever again if we don‚Äôt fix it this time.‚Äù\n\nPresident Trump should keep fighting‚Ä¶
 RT @EpochTimes: ‚ÄúNo one will trust our our election system ever again if we don‚Äôt fix it this time.‚Äù\n\nPresident Trump should keep fighting‚Ä¶",https://twitter.com/twitter/statuses/[1335685718673403905 1335685718673403905]
'Guardian US',2020-11-01,0,['[]'],Kamala Harris,0,Manchester United v Arsenal: Premier League ‚Äì live! https://t.co/epD09NvCyY,https://twitter.com/twitter/statuses/[1322928526874595331]
'Dra. M√¥nica Giusti üáßüá∑üáµüáπüáÆüáπ' 'Dra. M√¥nica Giusti üáßüá∑üáµüáπüáÆüáπ',2020-12-06 2020-12-06,0 0,['[]' '[]'],Kamala Harris, 92 109,"RT @EpochTimes: ‚ÄúNo one will trust our our election system ever again if we don‚Äôt fix it this time.‚Äù\n\nPresident Trump should keep fighting‚Ä¶
 RT @EpochTimes: ‚ÄúNo one will trust our our election system ever again if we don‚Äôt fix it this time.‚Äù\n\nPresident Trump should keep fighting‚Ä¶",https://twitter.com/twitter/statuses/[1335687834276155402 1335687834276155402]
'Khalid Mahmood Khalid',2020-12-03,0,"[""[{'text': 'Trump', 'indices': [0, 6]}, {'text': 'Lawsuit', 'indices': [7, 15]}, {'text': 'WisconsinSupremeCourt', 'indices': [27, 49]}, {'text': 'TrumpCrimeFamily', 'indices': [65, 82]}, {'text': 'Wisconsin', 'indices': [83, 93]}, {'text': 'USA', 'indices': [94, 98]}, {'text': 'USAElections2020', 'indices': [99, 116]}]""]",USA elections date,0,#Trump #Lawsuit rejects by #WisconsinSupremeCourt    by 4-3 vote\n#TrumpCrimeFamily\n#Wisconsin #USA\n#USAElections2020\n\nhttps://t.co/ELindhvZKm,https://twitter.com/twitter/statuses/[1334591498910801921]
'Paul Burgin',2020-12-06,0,"[""[{'text': 'MarsHillBlog', 'indices': [0, 13]}, {'text': 'DonaldTrump', 'indices': [51, 63]}, {'text': 'Republicans', 'indices': [64, 76]}, {'text': 'Georgia', 'indices': [77, 85]}, {'text': 'USA', 'indices': [86, 90]}]""]",USA elections date,0,#MarsHillBlog Post On Trump campaigning in Georgia #DonaldTrump #Republicans #Georgia #USA https://t.co/r71oYvCd1V,https://twitter.com/twitter/statuses/[1335613932137017347]
'Guardian US',2020-11-04,1,['[]'],USA elections date,0,"""USAs Weston McKennie: how the Juve starlet leads on and off the pitch https://t.co/LkFmnReAo0""",https://twitter.com/twitter/statuses/[1323923017379053568]
'CC Rider',2020-12-06,1,"[""[{'text': 'GEORGIA', 'indices': [0, 8]}, {'text': 'Vote', 'indices': [37, 42]}, {'text': 'FLIPTHESENATE', 'indices': [69, 83]}, {'text': 'StimulusChecksNOW', 'indices': [85, 103]}, {'text': 'gapol', 'indices': [105, 111]}, {'text': 'gasen', 'indices': [112, 118]}]""]",USA elections date,0,#GEORGIA you can make this happen!!! #Vote  @ReverendWarnock @ossoff #FLIPTHESENATE \n#StimulusChecksNOW\n\n#gapol #gasen https://t.co/wdkLA62zuh,https://twitter.com/twitter/statuses/[1335691999681400836]
'President-elect David Fowler üá∫üá∏‚≠ê‚≠ê',2020-12-02,0,"[""[{'text': 'election2020', 'indices': [21, 34]}, {'text': 'USAElections2020', 'indices': [35, 52]}, {'text': 'USA', 'indices': [53, 57]}]""]",USA elections date,0,This should be good.\n#election2020 #USAElections2020\n#USA\n\nhttps://t.co/EAyv6PK0fg,https://twitter.com/twitter/statuses/[1334216788725284864]
'Guardian US',2020-11-01,8,['[]'],USA elections date,5,"Whatever happens, it will take more than promises to Make America Normal Again | Adam Tooze https://t.co/zuAGoo7Qu9",https://twitter.com/twitter/statuses/[1322942956446371842]
'Bloomberg Politics',2020-11-11,2,['[]'],USA elections date,1,Trade talks between the U.K. and EU are set to be extended beyond this weekend‚Äôs informal deadline and continue in Brussels next week https://t.co/nNvvwwUrFc,https://twitter.com/twitter/statuses/[1326511875274788864]
'Amey',2020-12-04,0,"[""[{'text': 'USAElections2020', 'indices': [0, 17]}, {'text': 'USA', 'indices': [18, 22]}]""]",USA elections date,0,#USAElections2020 #USA # Not worth itüò≠üò≠üò≠ https://t.co/jSJFluJCMP,https://twitter.com/twitter/statuses/[1334682816806711296]
'Christopher Bennettüåπ',2020-12-06,0,"[""[{'text': 'Georgia', 'indices': [0, 8]}, {'text': 'RegisterToVote', 'indices': [9, 24]}, {'text': 'Jan5', 'indices': [90, 95]}, {'text': 'Vote', 'indices': [116, 121]}, {'text': 'GeorgiaRunoff', 'indices': [130, 144]}, {'text': 'GeorgiaSenateRunoff', 'indices': [146, 166]}, {'text': 'ElectionDay', 'indices': [167, 179]}, {'text': 'USElections', 'indices': [180, 192]}, {'text': 'Senate', 'indices': [193, 200]}]""]",USA elections date,0,"""#Georgia #RegisterToVote if you havent already. Monday is the deadline. If you are 18 by #Jan5 you can register to #Vote for the #GeorgiaRunoff. #GeorgiaSenateRunoff #ElectionDay #USElections #Senate \nhttps://t.co/B5kbKrQ75e""",https://twitter.com/twitter/statuses/[1335550070255661056]
'Guardian US',2020-10-28,6,['[]'],USA elections date,2,How much better would the USA be with a raccoon in the White House?! | First Dog on the Moon https://t.co/NW3erxQaGz,https://twitter.com/twitter/statuses/[1321349836264923136]
'Bloomberg Politics',2020-11-06,0,['[]'],USA elections date,357,"RT @josh_wingrove: As Trump has been speaking, his lead in Georgia dropped again -- to 3,635 votes.",https://twitter.com/twitter/statuses/[1324502292427644930]
'Just-an-average-guy',2020-12-05,0,"[""[{'text': 'USA', 'indices': [35, 39]}, {'text': 'USAElections2020', 'indices': [40, 57]}, {'text': 'Hodgetwins', 'indices': [111, 122]}]""]",USA elections date,0,"""Who is writing Joe Bidens tweets? #USA #USAElections2020 @SebGorka @dbongino @SavageNation_  @realDonaldTrump #Hodgetwins""",https://twitter.com/twitter/statuses/[1335289429615915008]
'Obewyn',2020-12-05,0,"[""[{'text': 'electionfraud2020', 'indices': [82, 100]}, {'text': 'electionfraud', 'indices': [101, 115]}, {'text': 'USA', 'indices': [116, 120]}, {'text': 'USAElections2020', 'indices': [121, 138]}, {'text': 'USAelection2020', 'indices': [139, 155]}, {'text': 'Pennsylvania', 'indices': [156, 169]}]""]",USA elections date,0,Senate Co-Sponsorship Memoranda - RESOLUTION: Disputing the 2020 General Election #electionfraud2020 #electionfraud #USA #USAElections2020 #USAelection2020 #Pennsylvania  https://t.co/Wo3Y7KotjD,https://twitter.com/twitter/statuses/[1335311911303467011]
'‚ùÑÔ∏è‚ùÑÔ∏è‚ùÑÔ∏è‚ùÑÔ∏èl‚ô•Ô∏èsnow‚ùÑÔ∏è‚ùÑÔ∏è‚ùÑÔ∏è‚ùÑÔ∏è',2020-12-06,0,"[""[{'text': 'GEORGIA', 'indices': [44, 52]}, {'text': 'RunoffElection', 'indices': [53, 68]}, {'text': 'USA', 'indices': [69, 73]}, {'text': 'USAElections2020', 'indices': [74, 91]}]""]",USA elections date,0,"""Im putting out good juju so you win my guy #GEORGIA #RunoffElection #USA #USAElections2020 https://t.co/WttZdlbyDp""",https://twitter.com/twitter/statuses/[1335602936173498370]
'Guardian US',2020-11-08,23,['[]'],USA elections date,11,Trump was no accident. And the America that made him is still with us | Michael Goldfarb https://t.co/gVMwdPPuj6,https://twitter.com/twitter/statuses/[1325367566395695104]
'Slartibartfast #96.5%',2020-12-04,0,"[""[{'text': 'USA', 'indices': [142, 146]}, {'text': 'USAElections2020', 'indices': [187, 204]}, {'text': 'USAelection2020', 'indices': [206, 222]}]""]",USA elections date,0,"@livvystar @realDonaldTrump I‚Äôm sure it‚Äôs lost.\n\nNot that I personally have any confidence, or take any pleasure in the election result.\n\nThe #USA needs a much better electoral process.\n\n#USAElections2020 \n#USAelection2020",https://twitter.com/twitter/statuses/[1334988943016779778]
'The Washington Post',2020-10-28,48,['[]'],USA elections date,19,Opinion: Why is a pro-diversity ballot initiative failing in America‚Äôs most diverse state? https://t.co/iaf6BAQktb,https://twitter.com/twitter/statuses/[1321516356823601157]
'Kamala Harris',2020-11-08,162595,['[]'],USA elections date,15565,Congressman John Lewis wrote before his passing: ‚ÄúDemocracy is not a state. It is an act.‚Äù\n\nWhat he meant was that America‚Äôs democracy is not guaranteed. It is only as strong as our willingness to fight for it‚Äîand that‚Äôs exactly what you did.,https://twitter.com/twitter/statuses/[1325249272560881664]
"""Eddie'süîÅRetweet""",2020-12-05,0,"[""[{'text': 'USA', 'indices': [32, 36]}, {'text': 'USAElections2020', 'indices': [37, 54]}]""]",USA elections date,5,RT @thisbevos: It will be okay. #USA #USAElections2020 https://t.co/HknIzRvB5r,https://twitter.com/twitter/statuses/[1335364457271201792]
'Guardian US',2020-11-03,3,['[]'],USA elections date,1,"""David Squires on ‚Ä¶ Trump and the USAs relationship with English football https://t.co/O39OrcByb7""",https://twitter.com/twitter/statuses/[1323638398737960966]
'‚ú®Harry Potter Resists‚ú® (Commentary)',2020-12-06,0,"[""[{'text': 'Vote', 'indices': [83, 88]}]""]",Final recount day,167,RT @Sky_Lee_1: üçëREGISTER TO VOTE GEORGIAüçë\n\n‚è∞DEADLINE IS IN 2Ô∏è‚É£ DAYS‚è∞\n\nüóìRegister to #Vote by December 7th!\xa0‚è©https://t.co/v3mGo8Hb2q\n\nüó≥#VoteE‚Ä¶,https://twitter.com/twitter/statuses/[1335658993864364033]
'CNN Politics',2020-11-03,695,['[]'],Final recount day,98,More than 100 million ballots were cast before Election Day https://t.co/AcgzWSLw9M,https://twitter.com/twitter/statuses/[1323604358697750529]
'Guardian US',2020-11-02,3,['[]'],Final recount day,1,What US election day ‚Äì and the days after ‚Äì will look like in 2020 https://t.co/CWGhOQfIdl,https://twitter.com/twitter/statuses/[1323385633398730753]
'Guardian US',2020-11-04,6,['[]'],Final recount day,1,Biden campaign expresses cautious optimism on sentimental election day https://t.co/OAZi97X2Uw,https://twitter.com/twitter/statuses/[1323814349937541121]
'CNN Politics',2020-10-30,617,['[]'],Final recount day,86,"The Biden campaign will focus on Pennsylvania on Monday, the final day before the election https://t.co/vyCrBjJFFc",https://twitter.com/twitter/statuses/[1322177467663208451]
'CNN Politics',2020-11-02,1801,['[]'],Final recount day,152,Joe Biden is traveling with his grandkids on the last day of the campaign https://t.co/0iamhAp6GH,https://twitter.com/twitter/statuses/[1323329294416883712]
'CNN Politics',2020-11-03,259,['[]'],Final recount day,35,More than 96 million Americans have voted with one day to go until Election Day https://t.co/Bd5KpZwuc2 https://t.co/UzeM5v8PO7,https://twitter.com/twitter/statuses/[1323416392687910912]
'CNN Politics',2020-10-29,756,['[]'],Final recount day,97,"North Carolina can count votes received 9 days after Election Day, Supreme Court rules https://t.co/gCKxV9MLAk https://t.co/569fpPnWQ5",https://twitter.com/twitter/statuses/[1321610467912146946]
'CNN Politics',2020-11-11,421,['[]'],Final recount day,92,Here are 10 climate executive actions President-elect Joe Biden says he will take on day one https://t.co/9OYhCoLekB https://t.co/l3PBsX2YcF,https://twitter.com/twitter/statuses/[1326629043450630148]
'Guardian US',2020-11-01,7,['[]'],Final recount day,2,"""The blue shift: why votes counted after election day skew Democrat https://t.co/5FbbJhtYvC""",https://twitter.com/twitter/statuses/[1322770226535145472]
'CNN Politics',2020-11-02,234,['[]'],Final recount day,44,More than 95 million Americans have voted with one day to go until Election Day https://t.co/vODG455tI9,https://twitter.com/twitter/statuses/[1323316472660242435]
'Bernie Sanders',2020-10-29,0,['[]'],Final recount day,95,"""RT @shannaforPA: 294 days ago, we launched our campaign to create a Pennsylvania that works for all of us. \n\nNow, were just 5 days away fr‚Ä¶""",https://twitter.com/twitter/statuses/[1321938709244190722]
'CNN Politics',2020-11-03,135,['[]'],Final recount day,12,This tiny township is one of the first to announce results on Election Day https://t.co/T4whWlcA8A https://t.co/FDUyjD8Mwx,https://twitter.com/twitter/statuses/[1323457553133699072]
'CNN Politics',2020-11-02,44,['[]'],Final recount day,11,"""Heres how Michigan counts absentee ballots and Election Day votes https://t.co/QiRv4HWTWV https://t.co/J0b380iCsD""",https://twitter.com/twitter/statuses/[1323278778827706368]
'CNN Politics',2020-11-03,1842,['[]'],Final recount day,198,"Joe Biden signed the wall of his childhood home in Scranton, Pennsylvania, on Election Day https://t.co/jRXW8WKFHc",https://twitter.com/twitter/statuses/[1323672566301659136]
'CNN Politics',2020-10-29,383,['[]'],Final recount day,58,"North Carolina can count votes received 9 days after Election Day, Supreme Court rules https://t.co/zdHNfIlrsV https://t.co/jhyvFnOTQV",https://twitter.com/twitter/statuses/[1321738813354508288]
'Kamala Harris',2020-10-29,38946,['[]'],Final recount day,3787,5 days: https://t.co/VbrfuqVy9P.,https://twitter.com/twitter/statuses/[1321805409561227265]
'CNN Politics',2020-10-31,170,['[]'],Final recount day,30,How the Biden campaign aims to court Latino voters in final stretch to Election Day https://t.co/6E0uTAYBs5,https://twitter.com/twitter/statuses/[1322459313563160581]
'CNN Politics',2020-10-30,747,['[]'],Final recount day,93,"The Biden campaign will focus on Pennsylvania on Monday, the final day before the election https://t.co/YJfukMXSUl",https://twitter.com/twitter/statuses/[1322311850273497088]
'The Washington Post',2020-10-28,329,['[]'],Final recount day,108,"Early voting in the U.S. has hit 51 percent of total 2016 voting, with days to go before Election Day https://t.co/qm85vXAz4K",https://twitter.com/twitter/statuses/[1321500783582547974]
'Kamala Harris',2020-10-31,0,['[]'],How to boil water,961,"RT @TeamJoe: Voting Update! Early vote hours have been extended in Douglas County, NE to 5:00 PM today. \n\nFind your early voting location a‚Ä¶",https://twitter.com/twitter/statuses/[1322600641617944576]
'Guardian US',2020-10-27,5,['[]'],How to boil water,5,Philadelphia protesters take to streets after police killing of black man https://t.co/aNUrSlcvX3,https://twitter.com/twitter/statuses/[1321053454060687360]
"'Octavio Escobar, psic√≥logo'",2020-12-04,0,"[""[{'text': 'Media', 'indices': [14, 20]}, {'text': 'BigTech', 'indices': [27, 35]}, {'text': 'USElections', 'indices': [88, 100]}]""]",How to boil water,154,RT @omarbula: #Media &amp; #BigTech censorship of news related to probable fraud in the #USElections is the very proof of fraud itself...elemen‚Ä¶,https://twitter.com/twitter/statuses/[1334707322103455744]
'liliana armela n',2020-12-04,0,"[""[{'text': 'Media', 'indices': [14, 20]}, {'text': 'BigTech', 'indices': [27, 35]}, {'text': 'USElections', 'indices': [88, 100]}]""]",How to boil water,154,RT @omarbula: #Media &amp; #BigTech censorship of news related to probable fraud in the #USElections is the very proof of fraud itself...elemen‚Ä¶,https://twitter.com/twitter/statuses/[1334668475592290304]
'CNN Politics',2020-11-02,191,['[]'],How to boil water,35,Nearly 9 million Floridians have voted during early voting https://t.co/zOcqpPbwm6,https://twitter.com/twitter/statuses/[1323294577307123717]
'OneenO' 'OneenO',2020-12-06 2020-12-06,0 0,['[]' '[]'],How to boil water,349 386,"RT @theangiestanton: FRAUDS OF A FEATHER:\n\nAin‚Äôt this something! My opponent and Senator Elena Parent seem pretty close. I wonder if Elena‚Ä¶
 RT @theangiestanton: FRAUDS OF A FEATHER:\n\nAin‚Äôt this something! My opponent and Senator Elena Parent seem pretty close. I wonder if Elena‚Ä¶",https://twitter.com/twitter/statuses/[1335683099573833728 1335683099573833728]
'jMorales-c. üá®üá¥ ‚ùó',2020-12-04,0,"[""[{'text': 'Media', 'indices': [14, 20]}, {'text': 'BigTech', 'indices': [27, 35]}, {'text': 'USElections', 'indices': [88, 100]}]""]",How to boil water,154,RT @omarbula: #Media &amp; #BigTech censorship of news related to probable fraud in the #USElections is the very proof of fraud itself...elemen‚Ä¶,https://twitter.com/twitter/statuses/[1334669520741543936]
'OneenO' 'OneenO',2020-12-06 2020-12-06,0 0,['[]' '[]'],How to boil water,349 386,"RT @theangiestanton: FRAUDS OF A FEATHER:\n\nAin‚Äôt this something! My opponent and Senator Elena Parent seem pretty close. I wonder if Elena‚Ä¶
 RT @theangiestanton: FRAUDS OF A FEATHER:\n\nAin‚Äôt this something! My opponent and Senator Elena Parent seem pretty close. I wonder if Elena‚Ä¶",https://twitter.com/twitter/statuses/[1335683099573833728 1335683099573833728]
'NY_Freedom',2020-12-04,0,['[]'],How to boil water,981,"RT @TheLeoTerrell: Trump Supporters!  We have to protect @realDonaldTrump legacy. During his four years, our President made America Great A‚Ä¶",https://twitter.com/twitter/statuses/[1334898793888837639]
'James' 'James',2020-12-06 2020-12-06,0 0,"[""[{'text': '2020Election', 'indices': [94, 107]}, {'text': 'elenaparent', 'indices': [108, 120]}]""
 ""[{'text': '2020Election', 'indices': [94, 107]}, {'text': 'elenaparent', 'indices': [108, 120]}]""]",How to boil water,1674 1710,"RT @theangiestanton: Georgia Senator Elena Parent asks for evidence. Meanwhile she‚Äôs caught üòÇ #2020Election #elenaparent https://t.co/cb3Fn‚Ä¶
 RT @theangiestanton: Georgia Senator Elena Parent asks for evidence. Meanwhile she‚Äôs caught üòÇ #2020Election #elenaparent https://t.co/cb3Fn‚Ä¶",https://twitter.com/twitter/statuses/[1335669356055838720 1335669356055838720]
'Maz üá¨üáß' 'Maz üá¨üáß',2020-12-06 2020-12-06,0 0,['[]' '[]'],How to boil water,349 386,"RT @theangiestanton: FRAUDS OF A FEATHER:\n\nAin‚Äôt this something! My opponent and Senator Elena Parent seem pretty close. I wonder if Elena‚Ä¶
 RT @theangiestanton: FRAUDS OF A FEATHER:\n\nAin‚Äôt this something! My opponent and Senator Elena Parent seem pretty close. I wonder if Elena‚Ä¶",https://twitter.com/twitter/statuses/[1335675774167359489 1335675774167359489]
'Mirth Barbie' 'Mirth Barbie',2020-12-06 2020-12-06,0 0,['[]' '[]'],How to boil water,349 386,"RT @theangiestanton: FRAUDS OF A FEATHER:\n\nAin‚Äôt this something! My opponent and Senator Elena Parent seem pretty close. I wonder if Elena‚Ä¶
 RT @theangiestanton: FRAUDS OF A FEATHER:\n\nAin‚Äôt this something! My opponent and Senator Elena Parent seem pretty close. I wonder if Elena‚Ä¶",https://twitter.com/twitter/statuses/[1335689071449018371 1335689071449018371]
'Gitte Moller',2020-12-04,0,"[""[{'text': 'Media', 'indices': [14, 20]}, {'text': 'BigTech', 'indices': [27, 35]}, {'text': 'USElections', 'indices': [88, 100]}]""]",How to boil water,154,RT @omarbula: #Media &amp; #BigTech censorship of news related to probable fraud in the #USElections is the very proof of fraud itself...elemen‚Ä¶,https://twitter.com/twitter/statuses/[1334691157742325761]
'J  Andino',2020-12-04,0,"[""[{'text': 'Media', 'indices': [14, 20]}, {'text': 'BigTech', 'indices': [27, 35]}, {'text': 'USElections', 'indices': [88, 100]}]""]",How to boil water,154,RT @omarbula: #Media &amp; #BigTech censorship of news related to probable fraud in the #USElections is the very proof of fraud itself...elemen‚Ä¶,https://twitter.com/twitter/statuses/[1334683486016450565]
'LaChicaDeJeans',2020-12-04,0,"[""[{'text': 'Media', 'indices': [14, 20]}, {'text': 'BigTech', 'indices': [27, 35]}, {'text': 'USElections', 'indices': [88, 100]}]""]",How to boil water,154,RT @omarbula: #Media &amp; #BigTech censorship of news related to probable fraud in the #USElections is the very proof of fraud itself...elemen‚Ä¶,https://twitter.com/twitter/statuses/[1334718283719782401]
'Anneke üå∏üá¶üá∫üíüüî¥üí•ü¶ë',2020-12-06,0,"[""[{'text': '2020Election', 'indices': [40, 53]}, {'text': 'Irregularities', 'indices': [95, 110]}]""]",How to boil water,2960,"RT @EpochTimes: In the fallout from the #2020Election, numerous credible allegations of voting #Irregularities have arisen in the form of s‚Ä¶",https://twitter.com/twitter/statuses/[1335691551440179201]
'Allegory üá∫üá∏' 'Allegory üá∫üá∏',2020-12-06 2020-12-06,0 0,['[]' '[]'],How to boil water,349 386,"RT @theangiestanton: FRAUDS OF A FEATHER:\n\nAin‚Äôt this something! My opponent and Senator Elena Parent seem pretty close. I wonder if Elena‚Ä¶
 RT @theangiestanton: FRAUDS OF A FEATHER:\n\nAin‚Äôt this something! My opponent and Senator Elena Parent seem pretty close. I wonder if Elena‚Ä¶",https://twitter.com/twitter/statuses/[1335676083480518664 1335676083480518664]
'Bella',2020-12-04,0,['[]'],How to boil water,981,"RT @TheLeoTerrell: Trump Supporters!  We have to protect @realDonaldTrump legacy. During his four years, our President made America Great A‚Ä¶",https://twitter.com/twitter/statuses/[1334870103553404928]
'Gail',2020-12-05,0,['[]'],How to boil water,981,"RT @TheLeoTerrell: Trump Supporters!  We have to protect @realDonaldTrump legacy. During his four years, our President made America Great A‚Ä¶",https://twitter.com/twitter/statuses/[1335049250980294656]
'hector',2020-12-04,0,"[""[{'text': 'Media', 'indices': [14, 20]}, {'text': 'BigTech', 'indices': [27, 35]}, {'text': 'USElections', 'indices': [88, 100]}]""]",How to boil water,154,RT @omarbula: #Media &amp; #BigTech censorship of news related to probable fraud in the #USElections is the very proof of fraud itself...elemen‚Ä¶,https://twitter.com/twitter/statuses/[1334799539501473793]
