Favorites,Query,Tweet,Date,Author,URL,Retweets,Hashtags
101,Who won the elections?,Election Day guide: A rundown of what you need to know about the 2020 election https://t.co/TpdRdhEVaC,2020-11-03,'The Washington Post',https://twitter.com/twitter/statuses/[1323638593001316352],22,['[]']
5,Who won the elections?,"""Trumps election day director is waging war on the election in Philadelphia https://t.co/nAyibj5V5t""",2020-10-28,'Guardian US',https://twitter.com/twitter/statuses/[1321394892011089923],4,['[]']
3637,Who won the elections?,"Federal Election Commission official: ""There really has been no evidence of fraud"" in the election https://t.co/YQWb65CiNf https://t.co/RCOzAF3kSn",2020-11-07,'CNN Politics',https://twitter.com/twitter/statuses/[1325091830761984000],755,['[]']
0,Who won the elections?,"RT @bopinion: As Election Week drags into Election Month, there are signs of hope https://t.co/9FsG3FBSmj",2020-11-06,'Bloomberg Politics',https://twitter.com/twitter/statuses/[1324857405587546113],11,['[]']
7,Who won the elections?,"""The 2020 election is like no other, but its still possible a winner will be known on election night. Or not. https://t.co/jIim1EzI29""",2020-11-01,'HuffPost Politics',https://twitter.com/twitter/statuses/[1323006670583332864],2,['[]']
0,Who won the elections?,"He is delusional, he is ranting....you lost the election to President Elect Joe Biden. @realDonaldTrump #uselectionresults #TrumpIsPathetic",2020-11-29,'Mashamohla',https://twitter.com/twitter/statuses/[1333124817084674049],0,"[""[{'text': 'uselectionresults', 'indices': [104, 122]}, {'text': 'TrumpIsPathetic', 'indices': [123, 139]}]""]"
133,Who won the elections?,"""Fact check: President Trumps top election falsehoods to watch for on Election Day https://t.co/U7Svr8hCaj https://t.co/sudnEjelsm""",2020-11-03,'CNN Politics',https://twitter.com/twitter/statuses/[1323581462902427649],44,['[]']
126,Who won the elections?,"""Fact check: President Trumps top election falsehoods to watch for on Election Day https://t.co/KUbIAaZYVy https://t.co/jDnRD1WOvx""",2020-11-02,'CNN Politics',https://twitter.com/twitter/statuses/[1323302121018720256],60,['[]']
0,Who won the elections?,"Before election, after election, same crap. He and his bots gotta go. #2020Election #MAGA #TrumpTantrum #Cult45 #BidenHarris #MyPresident https://t.co/xylfR9pWKJ",2020-12-06,'Deniz Turkmen',https://twitter.com/twitter/statuses/[1335680967529271296],0,"[""[{'text': '2020Election', 'indices': [70, 83]}, {'text': 'MAGA', 'indices': [84, 89]}, {'text': 'TrumpTantrum', 'indices': [90, 103]}, {'text': 'Cult45', 'indices': [104, 111]}, {'text': 'BidenHarris', 'indices': [112, 124]}, {'text': 'MyPresident', 'indices': [125, 137]}]""]"
2,Who won the elections?,"""Tomorrow is an election day. Elect one girlfriend na wagyimi dodo womanizing wont help you #2020Election""",2020-12-06,'Abuakwa_Charlie_ChaplinüëÖüîû',https://twitter.com/twitter/statuses/[1335658950495260672],0,"[""[{'text': '2020Election', 'indices': [92, 105]}]""]"
323,Who won the elections?,"Here‚Äôs where things stand on Election Day 3, when you can expect final results, and how to follow along as the election unfolds.\nhttps://t.co/XRrKVJvYCO",2020-11-05,'The New York Times',https://twitter.com/twitter/statuses/[1324385235673534466],52,['[]']
0,Who won the elections?,RT @digimuller: Fact: No U.S. election has seen widespread fraud and it is routine for ballots to be counted after Election Day https://t.c‚Ä¶,2020-11-03,'Bloomberg Politics',https://twitter.com/twitter/statuses/[1323616330734542848],15,['[]']
268,Who won the elections?,Election 2020 live updates: Trump to make Election Day appeal on TV as Biden heads to Pennsylvania https://t.co/6TWxwRuFCC,2020-11-03,'The Washington Post',https://twitter.com/twitter/statuses/[1323593316366209024],52,['[]']
2,Who won the elections?,US election day 2020: voters stream to the polls to elect the next president ‚Äì live updates https://t.co/W3AykdVJtv,2020-11-03,'Guardian US',https://twitter.com/twitter/statuses/[1323509210068516864],1,['[]']
56,Who won the elections?,"""Whats going through your head as fill our your ballot this election? \n\nThe Post wants to know how you feel as Election Day approaches. https://t.co/JrlXmOaV6k""",2020-10-30,'The Washington Post',https://twitter.com/twitter/statuses/[1321977569990877190],11,['[]']
565,Who won the elections?,"""The U.S. Postal Service processed as many as tens of thousands of ballots sent to election offices the day after Election Day, according to data filed in federal court on Thursday. Whether they are counted depends on each states election rules.\nhttps://t.co/dHxSgCrJlz""",2020-11-05,'The New York Times',https://twitter.com/twitter/statuses/[1324456510093774854],149,['[]']
0,Who won the elections?,"RT @Matt_VanDyke: Finally, he built the wall.\n\n#election #elections #Election2020 #Elections2020 #ElectionNight #Vote #Vote2020 #Trump #whi‚Ä¶",2020-12-06,'debbie156üá∫üá∏',https://twitter.com/twitter/statuses/[1335671662855901185],33,"[""[{'text': 'election', 'indices': [47, 56]}, {'text': 'elections', 'indices': [57, 67]}, {'text': 'Election2020', 'indices': [68, 81]}, {'text': 'Elections2020', 'indices': [82, 96]}, {'text': 'ElectionNight', 'indices': [97, 111]}, {'text': 'Vote', 'indices': [112, 117]}, {'text': 'Vote2020', 'indices': [118, 127]}, {'text': 'Trump', 'indices': [128, 134]}]""]"
0,Who won the elections?,@thomaskaine5 #Vote in every election.,2020-12-06,'üé©Luke üî•',https://twitter.com/twitter/statuses/[1335659853407268868],0,"[""[{'text': 'Vote', 'indices': [14, 19]}]""]"
449,Who won the elections?,"‚ÄúWe believe the statements by President Trump alleging fraud in the election are efforts to undermine the legitimacy of the election and are unacceptable,‚Äù they said. https://t.co/y5vdPJ75HD",2020-11-10,'HuffPost Politics',https://twitter.com/twitter/statuses/[1326032970034143234],140,['[]']
4,Who won the elections?,Modi is taking no chances with this election https://t.co/rdxU297t15,2020-11-06,'Bloomberg Politics',https://twitter.com/twitter/statuses/[1324615035319144448],1,['[]']
88208,Votes count,Count every vote. https://t.co/gYpZtR9972,2020-11-04,'Bernie Sanders',https://twitter.com/twitter/statuses/[1324111683988672512],10769,['[]']
1172509,Votes count,Count every vote.,2020-11-04,'Joe Biden',https://twitter.com/twitter/statuses/[1324066382846320641],131898,['[]']
1100,Votes count,Biden overtook Trump in the count in Pennsylvania just before 9 a.m. as the state‚Äôs Democratic-leaning counties reported additional vote count totals. \n\nThe count is ongoing. https://t.co/aAvbZ76XWP,2020-11-06,'The Washington Post',https://twitter.com/twitter/statuses/[1324712019069722626],120,['[]']
193,Votes count,Analysis: Where votes are still being counted https://t.co/wMst7sWnIf,2020-11-05,'The Washington Post',https://twitter.com/twitter/statuses/[1324358070865219584],49,['[]']
234731,Votes count,Every vote must be counted. https://t.co/kWLGRfeePK,2020-11-05,'Joe Biden',https://twitter.com/twitter/statuses/[1324341948568621056],20920,['[]']
269,Votes count,Analysis: Where votes are still being counted https://t.co/lrXr6GQRmz,2020-11-05,'The Washington Post',https://twitter.com/twitter/statuses/[1324258932731334656],44,['[]']
247,Votes count,Analysis: Where votes are still being counted https://t.co/yYYChPmTBS,2020-11-04,'The Washington Post',https://twitter.com/twitter/statuses/[1323985875915649024],64,['[]']
0,Votes count,RT @business: To be clear: Votes are still being counted in #Election2020 \n\nThere are millions of votes left to count.\n\nDoes Trump have a p‚Ä¶,2020-11-04,'Bloomberg Politics',https://twitter.com/twitter/statuses/[1323892192948244481],223,"[""[{'text': 'Election2020', 'indices': [60, 73]}]""]"
0,Votes count,"RT @RedAlertInfo1: While #votes are being counted in #Arizona and #Nevada, everything has already been counted in #Russia.\n#USElections htt‚Ä¶",2020-12-06,'Eng MHD Aziz Alhaffar',https://twitter.com/twitter/statuses/[1335415557634580486],2,"[""[{'text': 'votes', 'indices': [25, 31]}, {'text': 'Arizona', 'indices': [53, 61]}, {'text': 'Nevada', 'indices': [66, 73]}, {'text': 'Russia', 'indices': [114, 121]}, {'text': 'USElections', 'indices': [123, 135]}]""]"
62,Votes count,"Count the votes or stop the count? Trump supporters have been trying to pressure election officials to stop counting ballots in states like Pennsylvania and Michigan, while making the opposite demands in Arizona. https://t.co/6jijrW3tG2",2020-11-05,'Guardian US',https://twitter.com/twitter/statuses/[1324420535166636032],30,['[]']
1319,Votes count,"Joe Biden says ""every vote must be counted"" as several battleground states continue counting ballots https://t.co/8WRuyt5iNC",2020-11-05,'CNN Politics',https://twitter.com/twitter/statuses/[1324354300282310656],97,['[]']
3,Votes count,Why is the Nevada vote count taking so long? https://t.co/qTBhQovUvt,2020-11-07,'Guardian US',https://twitter.com/twitter/statuses/[1324884544139497473],0,['[]']
309673,Votes count,Every single vote must be counted.,2020-11-05,'Kamala Harris',https://twitter.com/twitter/statuses/[1324365016607428608],21906,['[]']
0,Votes count,RT @JoeBiden: Count every vote.,2020-11-04,'Kamala Harris',https://twitter.com/twitter/statuses/[1324076787790422017],131898,['[]']
4,Votes count,What states have learned about counting votes in a pandemic https://t.co/jo6PyS8N6K,2020-10-28,'Bloomberg Politics',https://twitter.com/twitter/statuses/[1321590388709335045],3,['[]']
0,Votes count,"""RT @Nate_Cohn: Biden appears to hold the edge in votes left to be counted. A look at whats left to count as of this morning.  https://t.co‚Ä¶""",2020-11-05,'The New York Times',https://twitter.com/twitter/statuses/[1324369862207148035],668,['[]']
0,Votes count,Hey #Georgia. Please register and #Vote. We are ALL counting on you. https://t.co/lkA09yKaxT,2020-12-06,'üÜÇ‚ì§üÜâ‚ìîüÖΩ I make masks & I dissent. üé®üì∑‚úèÔ∏èüí≠üéà',https://twitter.com/twitter/statuses/[1335677097583333376],0,"[""[{'text': 'Georgia', 'indices': [4, 12]}, {'text': 'Vote', 'indices': [34, 39]}]""]"
1405,Votes count,"""The votes being counted in Pennsylvania do not include any mail ballots arriving after Nov. 3. Those are being kept segregated. This count is for votes in by Election Day,"" @NYTnickc reports. Follow our live coverage. https://t.co/WYVvELn2Mq",2020-11-06,'The New York Times',https://twitter.com/twitter/statuses/[1324718336962383874],207,['[]']
916798,Votes count,"Be patient, folks. Votes are being counted, and we feel good about where we are.",2020-11-05,'Joe Biden',https://twitter.com/twitter/statuses/[1324406121721786369],60074,['[]']
819,Votes count,"Trump supporters chant ""count the votes"" in Arizona https://t.co/6h0zfLmLqy",2020-11-05,'The Washington Post',https://twitter.com/twitter/statuses/[1324200095928246277],98,['[]']
951,Is Joe Biden the president,The votes that won Joe Biden the presidency https://t.co/2amOi2CPyq,2020-11-08,'The Washington Post',https://twitter.com/twitter/statuses/[1325443230377385984],134,['[]']
15,Is Joe Biden the president,How Joe Biden won the presidency ‚Äì a visual guide https://t.co/zRdmZyGFUb,2020-11-07,'Guardian US',https://twitter.com/twitter/statuses/[1325131043431735296],5,['[]']
15,Is Joe Biden the president,"""Joe Bidens journey to the presidency ‚Äì in pictures https://t.co/wP1RuzJbVd""",2020-11-07,'Guardian US',https://twitter.com/twitter/statuses/[1325118703248302083],3,['[]']
27,Is Joe Biden the president,"""Joe Bidens journey to the presidency ‚Äì in pictures https://t.co/mLMAJ5yyqJ""",2020-11-07,'Guardian US',https://twitter.com/twitter/statuses/[1325114290630774788],8,['[]']
7,Is Joe Biden the president,"""Soul of the nation: how Joe Bidens faith will shape his presidency https://t.co/gGWRMIphYn""",2020-11-10,'Guardian US',https://twitter.com/twitter/statuses/[1326072757717708800],2,['[]']
50,Is Joe Biden the president,"""Heres where President Trump and Joe Biden are campaigning today https://t.co/xAIwX8YwGv""",2020-11-02,'CNN Politics',https://twitter.com/twitter/statuses/[1323274425471553536],11,['[]']
4462,Is Joe Biden the president,"Watch Kamala Harris\ call with Joe Biden: ""We did it, Joe"" https://t.co/rvn38UsweF https://t.co/851SH3tNxo",2020-11-07,'CNN Politics',https://twitter.com/twitter/statuses/[1325138255449378816],307,['[]']
5997,Is Joe Biden the president,Opinion: Joe Biden is already showing he is the right president for the moment https://t.co/Bu3sRz8qt1,2020-11-09,'The Washington Post',https://twitter.com/twitter/statuses/[1325592780559757313],438,['[]']
0,Is Joe Biden the president,"""RT @aawayne: Joe Biden has ended Donald Trumps presidency.\n\nhttps://t.co/l7Tx0RhxSv""",2020-11-07,'Bloomberg Politics',https://twitter.com/twitter/statuses/[1325115197552533505],21,['[]']
54430,Is Joe Biden the president,Joe Biden has been elected the next president of the United States. https://t.co/d2QFujqbkF https://t.co/PksOKBF4mZ,2020-11-07,'The New York Times',https://twitter.com/twitter/statuses/[1325114595237916673],11468,['[]']
112,Is Joe Biden the president,A Joe Biden victory would likely mean a gridlock presidency https://t.co/B4ac725dHN,2020-11-05,'Bloomberg Politics',https://twitter.com/twitter/statuses/[1324318205003894784],30,['[]']
58,Is Joe Biden the president,Joe Biden stands on the brink of claiming the presidency from Donald Trump https://t.co/9Uea59eGZa,2020-11-05,'Bloomberg Politics',https://twitter.com/twitter/statuses/[1324284797355724801],15,['[]']
98,Is Joe Biden the president,"""The presidents fans were angry at the network for calling Arizona for Joe Biden. https://t.co/M3pC9cuvX5""",2020-11-05,'HuffPost Politics',https://twitter.com/twitter/statuses/[1324278616881041408],22,['[]']
14224,Is Joe Biden the president,"BREAKING: JOE BIDEN WINS\n\nJoe Biden will be the 46th president of the United States, CNN projects, after a victory in Pennsylvania puts the Scranton-born Democrat over 270 https://t.co/qLSDFouqPd #CNNElection https://t.co/M81zo9Kvl2",2020-11-07,'CNN Politics',https://twitter.com/twitter/statuses/[1325114035113701378],3673,"[""[{'text': 'CNNElection', 'indices': [196, 208]}]""]"
28306,Is Joe Biden the president,"BREAKING: JOE BIDEN WINS\n\nJoe Biden will be the 46th president of the United States, CNN projects, after a victory in Pennsylvania puts the Scranton-born Democrat over 270 https://t.co/3BuAr574GM #CNNElection https://t.co/ewnnJquLPC",2020-11-07,'CNN Politics',https://twitter.com/twitter/statuses/[1325112912554364929],9192,"[""[{'text': 'CNNElection', 'indices': [196, 208]}]""]"
12,Is Joe Biden the president,"What‚Äôs ahead under President Joe Biden, industry by industry https://t.co/HMnO4B9YVr",2020-11-07,'Bloomberg Politics',https://twitter.com/twitter/statuses/[1325195849245208576],5,['[]']
3142,Is Joe Biden the president,"Joe Biden says President Trump\s refusal to concede the election that he lost is ""an embarrassment"" that ""will not help the President\s legacy"" https://t.co/uvu1WCAR79 https://t.co/nj4tl9vFlJ",2020-11-10,'CNN Politics',https://twitter.com/twitter/statuses/[1326276730668118020],352,['[]']
215,Is Joe Biden the president,"President Trump has yet to concede, or invite President-elect Joe Biden to the White House. https://t.co/FG4DvwCwgn",2020-11-11,'HuffPost Politics',https://twitter.com/twitter/statuses/[1326635227888971780],39,['[]']
447,Is Joe Biden the president,"The 43rd president called Joe Biden a ""good man"" and offered him ""prayers for his success."" https://t.co/pxpeej1LcH",2020-11-08,'HuffPost Politics',https://twitter.com/twitter/statuses/[1325585244435714049],63,['[]']
55,Is Joe Biden the president,Joe Biden wins US election after four tumultuous years of Trump presidency https://t.co/4q0sgDGTqu,2020-11-07,'Guardian US',https://twitter.com/twitter/statuses/[1325114346549239810],16,['[]']
1056,Pennsylvania votes,"People in Pennsylvania have always cared about Pennsylvania. Now, the rest of the country does too. \nhttps://t.co/sJReng5yGE",2020-11-06,'The New York Times',https://twitter.com/twitter/statuses/[1324818865105342469],69,['[]']
5128,Pennsylvania votes,Biden has taken the lead in both Georgia and Pennsylvania this morning as votes continue to be counted: https://t.co/RGmjCTnWKw\n\nResults are here as they come in:\nGeorgia: https://t.co/yZg2EpYJ5i\nPennsylvania: https://t.co/1QlxuuyGdm https://t.co/BfPsuaHBEh,2020-11-06,'The Washington Post',https://twitter.com/twitter/statuses/[1324715462832345089],904,['[]']
30,Pennsylvania votes,Biden expands lead in Pennsylvania https://t.co/VjaXDnaKNd,2020-11-07,'Bloomberg Politics',https://twitter.com/twitter/statuses/[1324923981237981184],2,['[]']
204757,Pennsylvania votes,"""Lets win this thing, Pennsylvania! https://t.co/jmCXbuL5V3""",2020-11-03,'Joe Biden',https://twitter.com/twitter/statuses/[1323747783732535300],15800,['[]']
501,Pennsylvania votes,Democrats grow more anxious about Pennsylvania https://t.co/xJQK99bvFR,2020-11-01,'The Washington Post',https://twitter.com/twitter/statuses/[1322950540469391365],70,['[]']
1136,Pennsylvania votes,Democrats grow more anxious about Pennsylvania https://t.co/K0XCevRmmB,2020-11-01,'The Washington Post',https://twitter.com/twitter/statuses/[1322732739049775104],141,['[]']
224,Pennsylvania votes,More than 2.4 million mail-in votes have been cast in Pennsylvania https://t.co/fr85En5j7m https://t.co/Eh9XiEnsFs,2020-11-02,'CNN Politics',https://twitter.com/twitter/statuses/[1323323258016571393],37,['[]']
1,Pennsylvania votes,‚ÄòI‚Äôm not voting for personality‚Äô: why this Pennsylvania county is the one to watch https://t.co/mkUaBqoY3q,2020-10-31,'Guardian US',https://twitter.com/twitter/statuses/[1322492371414777856],3,['[]']
0,Pennsylvania votes,A federal appeals court rejected an attempt by US President @realDonaldTrump‚Äôs campaign to block President-elect @JoeBiden from being declared the winner of Pennsylvania. #ElectionProtest #USElectionResults #Pennsylvania\nhttps://t.co/JbFF9Yrhbc,2020-11-28,'TheFinancialDistrict',https://twitter.com/twitter/statuses/[1332655547229810688],0,"[""[{'text': 'ElectionProtest', 'indices': [171, 187]}, {'text': 'USElectionResults', 'indices': [188, 206]}, {'text': 'Pennsylvania', 'indices': [207, 220]}]""]"
926,Pennsylvania votes,"See where the vote count in Pennsylvania stands now, and follow live election results here.\nhttps://t.co/KCq9wjAdM2",2020-11-07,'The New York Times',https://twitter.com/twitter/statuses/[1325045405860638720],93,['[]']
566,Pennsylvania votes,"See where the vote count in Pennsylvania stands now, and follow live election results here: \nhttps://t.co/Eaf7QILdXW",2020-11-07,'The New York Times',https://twitter.com/twitter/statuses/[1324874230987689986],63,['[]']
17,Pennsylvania votes,Biden narrows Pennsylvania gap as vote count grinds on - live blog: https://t.co/7FdFPxIcGF,2020-11-06,'Bloomberg Politics',https://twitter.com/twitter/statuses/[1324616524360011778],8,['[]']
621,Pennsylvania votes,"See where the vote count in Pennsylvania stands now, and follow live #Election2020 results here: \nhttps://t.co/t65yD8mn2W",2020-11-06,'The New York Times',https://twitter.com/twitter/statuses/[1324587336378781696],91,"[""[{'text': 'Election2020', 'indices': [69, 82]}]""]"
481,Pennsylvania votes,"See where the vote count in Pennsylvania stands now, and follow live #Election2020 results here: \nhttps://t.co/Eh2ptdb91v",2020-11-06,'The New York Times',https://twitter.com/twitter/statuses/[1324529458729095168],52,"[""[{'text': 'Election2020', 'indices': [69, 82]}]""]"
480,Pennsylvania votes,"See where the vote count in Pennsylvania stands now, and follow live #Election2020 results here.\nhttps://t.co/vqIiapQLoj",2020-11-05,'The New York Times',https://twitter.com/twitter/statuses/[1324423774352121856],63,"[""[{'text': 'Election2020', 'indices': [69, 82]}]""]"
631,Pennsylvania votes,"See where the vote count in Pennsylvania stands now, and follow live #Election2020 results here.\nhttps://t.co/Q7DI0GZaxp",2020-11-05,'The New York Times',https://twitter.com/twitter/statuses/[1324353298854535168],59,"[""[{'text': 'Election2020', 'indices': [69, 82]}]""]"
31,Pennsylvania votes,Biden now has a bigger lead in Pennsylvania than Trump did in 2016 https://t.co/WiocAGxUtA,2020-11-09,'Bloomberg Politics',https://twitter.com/twitter/statuses/[1325872046610460674],10,['[]']
3,Pennsylvania votes,Pennsylvania court orders segregation of provisional ballots https://t.co/nIBkfNJhet,2020-11-06,'Bloomberg Politics',https://twitter.com/twitter/statuses/[1324804003746766848],8,['[]']
75,Pennsylvania votes,The Trump campaign has now filed lawsuits in both Pennsylvania and Michigan https://t.co/cJU22p4Qh2,2020-11-04,'Bloomberg Politics',https://twitter.com/twitter/statuses/[1324085543240667136],51,['[]']
532,Pennsylvania votes,Biden turns to Pennsylvania as he hammers Trump‚Äôs presidency https://t.co/vsy6f5Kyop,2020-11-02,'The Washington Post',https://twitter.com/twitter/statuses/[1323265612416733184],64,['[]']
0,Georgia voter,"RT @HolTal: If you were a Georgia voter, what would get your attention in a postcard. I‚Äôm sending 100 out to fellow GA voters and need insp‚Ä¶",2020-12-06,"""The People's Cabinet""",https://twitter.com/twitter/statuses/[1335671869714931714],2,['[]']
0,Georgia voter,"RT @HolTal: If you were a Georgia voter, what would get your attention in a postcard. I‚Äôm sending 100 out to fellow GA voters and need insp‚Ä¶",2020-12-06,'üåà–ØŒû√êP≈Ç≈Å≈Å√êŒût–§–ñüåä',https://twitter.com/twitter/statuses/[1335662658020839425],2,['[]']
4,Georgia voter,"If you were a Georgia voter, what would get your attention in a postcard. I‚Äôm sending 100 out to fellow GA voters and need inspiration. #voteblue #flipthesenate #firemcconnell  #MAGAIsCancelled",2020-12-06,'Hollie',https://twitter.com/twitter/statuses/[1335660736140480515],2,"[""[{'text': 'voteblue', 'indices': [136, 145]}, {'text': 'flipthesenate', 'indices': [146, 160]}, {'text': 'firemcconnell', 'indices': [161, 175]}, {'text': 'MAGAIsCancelled', 'indices': [177, 193]}]""]"
130,Georgia voter,"""Almost half of the countrys early voters were in battleground states. Heres what we know about these voters https://t.co/tX6GqsZJ0b https://t.co/oudeFK8Mzs""",2020-11-03,'CNN Politics',https://twitter.com/twitter/statuses/[1323665269722677248],15,['[]']
0,Georgia voter,"""To the #voters of #DonaldTrump!\nChoose correctly now 2 Georgias Democrats for the Senate! https://t.co/KcAmM1Rv5b""",2020-12-06,'Natalka Suber',https://twitter.com/twitter/statuses/[1335609562087428100],0,"[""[{'text': 'voters', 'indices': [7, 14]}, {'text': 'DonaldTrump', 'indices': [18, 30]}]""]"
717,Georgia voter,"In Florida, voters of color and young voters have ballots flagged for possible rejection at higher rates than others https://t.co/Xf5NaD0lrw",2020-10-30,'The Washington Post',https://twitter.com/twitter/statuses/[1322311006949953538],486,['[]']
16914,Georgia voter,"Celebrities, activists and voters across Georgia credited Stacey Abrams with building a well-funded network of organizations that highlighted voter suppression in the state and inspired an estimated 800,000 residents to register to vote.\nhttps://t.co/EA7PNUGall",2020-11-07,'The New York Times',https://twitter.com/twitter/statuses/[1324887053998436355],1393,['[]']
64,Georgia voter,The record-breaking early voter total is currently about 65 percent of the overall voter turnout for the 2016 presidential race. https://t.co/Ivys5DVKmm,2020-11-01,'HuffPost Politics',https://twitter.com/twitter/statuses/[1322695185357299713],12,['[]']
41,Georgia voter,"""CNNs Voter Guide connects you to important election deadlines and local voter resources.\n\nChoose your state to begin https://t.co/O16QGud0FQ""",2020-10-29,'CNN Politics',https://twitter.com/twitter/statuses/[1321670859027812352],12,['[]']
42,Georgia voter,"""CNNs Voter Guide connects you to important election deadlines and local voter resources.\n\nChoose your state to begin https://t.co/tu4bxIFnkO""",2020-10-28,'CNN Politics',https://twitter.com/twitter/statuses/[1321460488379748352],13,['[]']
0,Georgia voter,"#VOTE\n""Georgia: Voter registration deadline for the Senate runoffs is December 7""  https://t.co/oZB2lBqDbO",2020-12-06,'Tonya Harris',https://twitter.com/twitter/statuses/[1335682321664503808],0,"[""[{'text': 'VOTE', 'indices': [0, 5]}]""]"
0,Georgia voter,#USAElections2020 The Georgia hearing ... With the bombshell Video evidence of voter fraude. 3:49:48 https://t.co/fS35pR6Nyl,2020-12-04,'Bert Kroek',https://twitter.com/twitter/statuses/[1334662691106025476],0,"[""[{'text': 'USAElections2020', 'indices': [0, 17]}]""]"
3056,Georgia voter,Georgia DA criticized for handling of Ahmaud Arbery investigation ousted by voters https://t.co/w6YHCPmYYs,2020-11-05,'The Washington Post',https://twitter.com/twitter/statuses/[1324339450512609281],414,['[]']
13084,Georgia voter,Georgia is a battleground state. Thrilled to be back in Atlanta to speak directly to Georgia voters and make the case for our campaign. Watch live: https://t.co/ubcM0Oh6Zh,2020-11-01,'Kamala Harris',https://twitter.com/twitter/statuses/[1322962521527967744],1948,['[]']
0,Georgia voter,But here in the UK. We only heard about how both parties were targeting both Latino and Black voters during the US election. No mention of Asian voters. #AsianVoters #USElections https://t.co/PJOI0NF1IV,2020-12-06,'AbandonMe',https://twitter.com/twitter/statuses/[1335657431456755714],0,"[""[{'text': 'AsianVoters', 'indices': [153, 165]}, {'text': 'USElections', 'indices': [166, 178]}]""]"
0,Georgia voter,@realDonaldTrump Hundreds of thousands of Democratic voters in Georgia have already followed your advice!  #voteblue,2020-12-06,'Cydni',https://twitter.com/twitter/statuses/[1335415491096145920],0,"[""[{'text': 'voteblue', 'indices': [107, 116]}]""]"
11003,Georgia voter,"Since losing a tight race for Georgia governor in 2018, Stacey Abrams has helped register more nonwhite voters and fought voter suppression. Democrats say her efforts have made the state more competitive, and Joe Biden now leads President Trump there. https://t.co/WLEDJYe3dE",2020-11-06,'The New York Times',https://twitter.com/twitter/statuses/[1324701855574876161],1093,['[]']
95,Georgia voter,"""Republicans arent saying much about Donald Trumps unfounded mass voter fraud claims ‚Äî probably because a lot of their voters believe Trump. https://t.co/dm9OKSVGkM""",2020-11-05,'HuffPost Politics',https://twitter.com/twitter/statuses/[1324232899017793537],18,['[]']
0,Georgia voter,"Trump supporter and ""My Pillow"" CEO, Mike Lindell claimed that Biden voters in Georgia will go to prison. Lindell says a worse fate awaits Biden voters in PA, who will be forced to go to Florida. \n\n#MyPillowGuy #BidenHarris #DonaldTrump",2020-12-06,'Patric Ciervo',https://twitter.com/twitter/statuses/[1335661805239197696],0,"[""[{'text': 'MyPillowGuy', 'indices': [198, 210]}, {'text': 'BidenHarris', 'indices': [211, 223]}, {'text': 'DonaldTrump', 'indices': [224, 236]}]""]"
0,Georgia voter,"RT @StevenTDennis: Georgia, Georgia, Georgia\n\nBy @HouseInSession, who you should totally follow right now.\n\nhttps://t.co/ahhOx3kC0I",2020-11-05,'Bloomberg Politics',https://twitter.com/twitter/statuses/[1324464265965805569],28,['[]']
360,Texas votes,"Trump projected to win Texas, crushing ""Blue Texas"" dreams once again https://t.co/rDd1IMC7dC",2020-11-04,'The Washington Post',https://twitter.com/twitter/statuses/[1323886812520189952],40,['[]']
119,Texas votes,"The FBI is investigating an incident of alleged harassment by Trump supporters of a Biden campaign bus in Texas, the Texas Tribune reports https://t.co/CcQfOTZu2Z",2020-11-02,'Bloomberg Politics',https://twitter.com/twitter/statuses/[1323065389446823942],32,['[]']
56,Texas votes,"""I regret livin\ in Texas"" is the punchline. https://t.co/TsO0dKV6GJ",2020-11-01,'HuffPost Politics',https://twitter.com/twitter/statuses/[1322844270324256768],22,['[]']
71455,Texas votes,Something big is happening in Texas. https://t.co/fNXqlVthok,2020-11-01,'Kamala Harris',https://twitter.com/twitter/statuses/[1322735427594395648],9793,['[]']
80649,Texas votes,There is no time to let up. Let‚Äôs do this Texas! https://t.co/1udfMYvkjZ,2020-10-30,'Kamala Harris',https://twitter.com/twitter/statuses/[1322268477181382657],9004,['[]']
0,Texas votes,RT @JCisnerosTX: The key to flipping Texas is by running up the numbers in South Texas. ü§†\n\nJoin me and Sen. @BernieSanders as we mobilize v‚Ä¶,2020-10-27,'Bernie Sanders',https://twitter.com/twitter/statuses/[1321177785319251971],498,['[]']
234,Texas votes,"More than 7.8 million people have cast their vote in Texas, including the first 14 days of early voting, according to data posted on the Texas Secretary of State website https://t.co/zTEQEMvS1X https://t.co/6EzL4mS0ss",2020-10-27,'CNN Politics',https://twitter.com/twitter/statuses/[1321166790161039360],37,['[]']
95993,Texas votes,"""Lets turn Texas blue.\n\nhttps://t.co/COWdd5hED8 https://t.co/TPNH6BKXGd""",2020-11-01,'Joe Biden',https://twitter.com/twitter/statuses/[1323023259512659968],13947,['[]']
197,Texas votes,"Here is a look at Texas, where an estimated 44 percent of votes have been counted https://t.co/qBB8WMytII",2020-11-04,'The Washington Post',https://twitter.com/twitter/statuses/[1323800721481977857],43,['[]']
127,Texas votes,Why the GOP hold on Texas is loosening | Analysis https://t.co/delcVeYEFF https://t.co/sNRugWTNf0,2020-10-27,'CNN Politics',https://twitter.com/twitter/statuses/[1321049028155576322],18,['[]']
524,Texas votes,"""Heres the breakdown in Texas, where an estimated 76 percent of votes have been counted. https://t.co/pRIKdIc8TZ https://t.co/9NM2uiJ3PD""",2020-11-04,'The Washington Post',https://twitter.com/twitter/statuses/[1323823834844303363],128,['[]']
659,Texas votes,Early voting continues to soar as Texas passes total turnout from 2016 https://t.co/Mzn9oLhtTj,2020-10-30,'The Washington Post',https://twitter.com/twitter/statuses/[1322284407768625153],112,['[]']
162,Texas votes,CNN reporters took the Texas Republican to task over his tweet. https://t.co/P1DUcNfQN2,2020-11-11,'HuffPost Politics',https://twitter.com/twitter/statuses/[1326490718609813504],45,['[]']
760,Texas votes,"Democrats who had spent months focusing on how Joe Biden could flip Texas weren‚Äôt prepared for President Trump to flip Zapata County, the reliably Democratic and majority-Hispanic stronghold of South Texas. https://t.co/sAdO8sL4Gr",2020-11-08,'The New York Times',https://twitter.com/twitter/statuses/[1325289447966052353],103,['[]']
5303,Texas votes,It could well be that Texas is going to transform politics in America. https://t.co/sMszaFGTfm,2020-10-28,'Bernie Sanders',https://twitter.com/twitter/statuses/[1321595031644491776],573,['[]']
31,Texas votes,"Texas supreme court rejects Republican effort to toss 127,000 drive-thru votes https://t.co/TzJcvTm00H",2020-11-01,'Guardian US',https://twitter.com/twitter/statuses/[1322992632004595714],13,['[]']
608,Texas votes,Texas casts more than 8.4 million votes ‚Äî 94% of total 2016 vote https://t.co/1GxJtdFY8g https://t.co/1zJP2NQbU0,2020-10-29,'CNN Politics',https://twitter.com/twitter/statuses/[1321828901061087232],92,['[]']
4511,Texas votes,"Together, we can turn Texas blue and soundly defeat Trump. \n\nJoin us tomorrow for our virtual town hall, Fighting for Justice in South Texas, featuring @JCisnerosTX. \n\nWatch at 6 pm CT / 7 pm ET at https://t.co/vreIiWfeoS. https://t.co/SyfImsziCl",2020-10-31,'Bernie Sanders',https://twitter.com/twitter/statuses/[1322674513021149189],584,['[]']
0,Texas votes,@realDonaldTrump @BreitbartNews #DonaldTrump #DiaperDon recounts #Florida &amp; #Texas,2020-12-06,'Angeluis Larp',https://twitter.com/twitter/statuses/[1335605488671604737],0,"[""[{'text': 'DonaldTrump', 'indices': [32, 44]}, {'text': 'DiaperDon', 'indices': [45, 55]}, {'text': 'Florida', 'indices': [65, 73]}, {'text': 'Texas', 'indices': [80, 86]}]""]"
212,Texas votes,CNN PROJECTION: Donald Trump wins Texas https://t.co/8n221PBMEO #CNNElection https://t.co/v1OkjT9sGO,2020-11-04,'CNN Politics',https://twitter.com/twitter/statuses/[1323874579543171072],39,"[""[{'text': 'CNNElection', 'indices': [64, 76]}]""]"
254403,Kamala Harris,Kamala Harris has made history. https://t.co/oaiZpnB1sB https://t.co/lKGNBRFAfA,2020-11-07,'The New York Times',https://twitter.com/twitter/statuses/[1325115145698340864],62268,['[]']
5245,Kamala Harris,"As Kamala D. Harris breaks barriers, India celebrates https://t.co/0o0CQ7ZsJl",2020-11-08,'The Washington Post',https://twitter.com/twitter/statuses/[1325347001391869953],333,['[]']
1850,Kamala Harris,Kamala Harris could be quietly on the brink of a historic leap https://t.co/DB6PZnN8og,2020-11-02,'The Washington Post',https://twitter.com/twitter/statuses/[1323279716825157632],149,['[]']
13,Kamala Harris,The meaning of Kamala Harris: the woman who will break new ground as vice-president https://t.co/vDW7oJFYdF,2020-11-08,'Guardian US',https://twitter.com/twitter/statuses/[1325438832376942592],3,['[]']
42,Kamala Harris,"""Kamala Harris: joy in south India at victory for daughter of our village https://t.co/sHTndDuYla""",2020-11-08,'Guardian US',https://twitter.com/twitter/statuses/[1325438828832841728],8,['[]']
606,Kamala Harris,"""Read Vice President-elect Kamala Harris remarks as prepared for delivery https://t.co/23AaauaZRJ""",2020-11-08,'CNN Politics',https://twitter.com/twitter/statuses/[1325385600460083201],49,['[]']
4512,Kamala Harris,"Perspective: Kamala Harris made history with quiet, exquisite power https://t.co/bQFHnz2tcz",2020-11-08,'The Washington Post',https://twitter.com/twitter/statuses/[1325290471682273282],325,['[]']
833,Kamala Harris,"""Read Vice President-elect Kamala Harris remarks as prepared for delivery https://t.co/qHcru1wmuT""",2020-11-08,'CNN Politics',https://twitter.com/twitter/statuses/[1325263798794641409],109,['[]']
771,Kamala Harris,"Live now: Joe Biden, Kamala Harris to deliver victory speeches https://t.co/Kcmdtvl3AZ",2020-11-08,'The Washington Post',https://twitter.com/twitter/statuses/[1325243656660537344],114,['[]']
63,Kamala Harris,Kamala Harris gives America a second family full of firsts https://t.co/j97wBgfWEt,2020-11-07,'Bloomberg Politics',https://twitter.com/twitter/statuses/[1325139336367661056],9,['[]']
1120,Kamala Harris,Perspective: Kamala Harris shows women can thrive in politics doing things their own way https://t.co/pAaU16Ql07,2020-11-10,'The Washington Post',https://twitter.com/twitter/statuses/[1326301145791336453],103,['[]']
436,Kamala Harris,11th grade girls talked about Kamala Harris in history class.\n\nThey have their own expectations for her. https://t.co/ZHrp59MOJW,2020-11-10,'The Washington Post',https://twitter.com/twitter/statuses/[1326286405006487553],55,['[]']
1116,Kamala Harris,"""Kamala Harris husband to sever ties with his law firm by Inauguration Day https://t.co/2xohphkXML""",2020-11-10,'CNN Politics',https://twitter.com/twitter/statuses/[1326232670225960961],129,['[]']
11,Kamala Harris,A woman of colour as US vice-president: three writers on what Kamala Harris means to them https://t.co/hjUQaTJQtv,2020-11-09,'Guardian US',https://twitter.com/twitter/statuses/[1325710805027975169],3,['[]']
29,Kamala Harris,"""I wont be the last: Kamala Harris accepts her place in history with victory speech https://t.co/gorHLXxEnA""",2020-11-08,'Guardian US',https://twitter.com/twitter/statuses/[1325318373195083776],10,['[]']
1441,Kamala Harris,Perspective: Kamala Harris knows things no vice president has ever known https://t.co/vGpU8EOewr,2020-10-30,'The Washington Post',https://twitter.com/twitter/statuses/[1322151792134836226],225,['[]']
1,Kamala Harris,Can Joe Biden and Kamala Harris unite America after Trump ‚Äì video explainer https://t.co/I30CUb0lTD,2020-11-10,'Guardian US',https://twitter.com/twitter/statuses/[1326214907885461506],2,['[]']
685,Kamala Harris,Joe Biden and Kamala Harris share the spotlight with their families to celebrate victory https://t.co/vCucjXrLQa https://t.co/G85Hnq2luk,2020-11-09,'CNN Politics',https://twitter.com/twitter/statuses/[1325927911053008896],45,['[]']
2007,Kamala Harris,Opinion: Kamala Harris invoked joy. Joe Biden asked for reconciliation. Can they get both? https://t.co/LhIJyEQxnW,2020-11-08,'The Washington Post',https://twitter.com/twitter/statuses/[1325372400712765441],127,['[]']
40,Kamala Harris,"""We are so proud: San Francisco Bay Area celebrates Kamala Harris, hometown hero https://t.co/NdWNXNUNTi""",2020-11-07,'Guardian US',https://twitter.com/twitter/statuses/[1325188792710533120],9,['[]']
24,USA elections date,"The couple have been dating since 2015 after meeting on the NBC series ""The Voice."" https://t.co/SKDKI9hwPt",2020-10-27,'HuffPost Politics',https://twitter.com/twitter/statuses/[1321198123566436352],0,['[]']
2,USA elections date,There is so much illegality we will be hearing about court dates through 2026 elections. #2020Election #Election2020 #ElectionFraud,2020-12-06,'Constitutional üìú Truth',https://twitter.com/twitter/statuses/[1335652052056289288],0,"[""[{'text': '2020Election', 'indices': [89, 102]}, {'text': 'Election2020', 'indices': [103, 116]}, {'text': 'ElectionFraud', 'indices': [117, 131]}]""]"
0,USA elections date,RT @CNBCTV18News: Why is there a long time gap from the date of election to the swearing in of the President?\n\n@latha_venkatesh with some l‚Ä¶,2020-12-06,'King Boss',https://twitter.com/twitter/statuses/[1335526493536055296],3,['[]']
0,USA elections date,RT @CNBCTV18News: Why is there a long time gap from the date of election to the swearing in of the President?\n\n@latha_venkatesh with some l‚Ä¶,2020-12-05,'Anil Yadav',https://twitter.com/twitter/statuses/[1335182844247777283],3,['[]']
0,USA elections date,RT @CNBCTV18News: Why is there a long time gap from the date of election to the swearing in of the President?\n\n@latha_venkatesh with some l‚Ä¶,2020-12-05,'pavan kumar lingam',https://twitter.com/twitter/statuses/[1335172320936148993],3,['[]']
1917,USA elections date,Georgians have until December 7 to register to vote in Senate runoff and other key dates https://t.co/CpU5j0RNSH https://t.co/ItRRt2Jjer,2020-11-10,'CNN Politics',https://twitter.com/twitter/statuses/[1325952081816064002],824,['[]']
4,USA elections date,Why is there a long time gap from the date of election to the swearing in of the President?\n\n@latha_venkatesh with some lesser known stories of #USElections https://t.co/X2nwEMdLCn,2020-12-05,'CNBC-TV18',https://twitter.com/twitter/statuses/[1335163407259951105],3,"[""[{'text': 'USElections', 'indices': [144, 156]}]""]"
0,USA elections date,"RT @HenryTContreras: @realDonaldTrump @BrianKempGA Presidential Popular Vote up to date: \n\nAmerica: 81,255,933 üá∫üá∏üá∫üá∏üá∫üá∏üá∫üá∏üá∫üá∏üá∫üá∏üá∫üá∏üá∫üá∏\n\nRussia: 74‚Ä¶",2020-12-06,'Rick50security!',https://twitter.com/twitter/statuses/[1335686724668764163],8,['[]']
11,USA elections date,A pandemic. Historic unemployment. Mass protests. This year‚Äôs election is historic. \n\nStay up to date on #ElectionDay with our interactive map and sign up for alerts https://t.co/L4LcuwAid1,2020-10-31,'Bloomberg Politics',https://twitter.com/twitter/statuses/[1322542034557800448],6,"[""[{'text': 'ElectionDay', 'indices': [105, 117]}]""]"
3,USA elections date,A pandemic. Historic unemployment. Mass protests. This year‚Äôs election is historic. \n\nStay up to date on #ElectionDay with our interactive map and sign up for alerts  https://t.co/rQw8a8GZlB,2020-10-30,'Bloomberg Politics',https://twitter.com/twitter/statuses/[1322234659737083905],0,"[""[{'text': 'ElectionDay', 'indices': [105, 117]}]""]"
0,USA elections date,"""The machines used in the USA election were not made in USA. Just in case you dont know #BidenWasNotElected #USAElections2020 #realDonaldTrump""",2020-12-05,'Matthew Osadebamwen',https://twitter.com/twitter/statuses/[1335322649434664960],0,"[""[{'text': 'BidenWasNotElected', 'indices': [88, 107]}, {'text': 'USAElections2020', 'indices': [108, 125]}, {'text': 'realDonaldTrump', 'indices': [126, 142]}]""]"
5,USA elections date,"Iranian hackers accessed voter registration data in one state and attempted to access more in a series of targeted attacks dating back to September, a U.S. government cybersecurity advisory says https://t.co/8aETImrJ3O",2020-10-31,'Bloomberg Politics',https://twitter.com/twitter/statuses/[1322378534275395584],4,['[]']
0,USA elections date,#USAElections2020 #USA # Not worth itüò≠üò≠üò≠ https://t.co/jSJFluJCMP,2020-12-04,'Amey',https://twitter.com/twitter/statuses/[1334682816806711296],0,"[""[{'text': 'USAElections2020', 'indices': [0, 17]}, {'text': 'USA', 'indices': [18, 22]}]""]"
0,USA elections date,This should be good.\n#election2020 #USAElections2020\n#USA\n\nhttps://t.co/EAyv6PK0fg,2020-12-02,'President-elect David Fowler üá∫üá∏‚≠ê‚≠ê',https://twitter.com/twitter/statuses/[1334216788725284864],0,"[""[{'text': 'election2020', 'indices': [21, 34]}, {'text': 'USAElections2020', 'indices': [35, 52]}, {'text': 'USA', 'indices': [53, 57]}]""]"
0,USA elections date,"""Embarrassing! Facebook &amp; Google know the names, address, birth date, gender, SSN of every America, but state election offices dont. @Facebook &amp; @Google even know what you buy, watch, listen and read, where you drive, etc. #TechRules #USElections @realDonaldTrump @JoeBiden""",2020-12-04,'RealPolitikWest',https://twitter.com/twitter/statuses/[1334700790716407810],0,"[""[{'text': 'TechRules', 'indices': [231, 241]}, {'text': 'USElections', 'indices': [242, 254]}]""]"
0,USA elections date,RT @thisbevos: It will be okay. #USA #USAElections2020 https://t.co/HknIzRvB5r,2020-12-05,"""Eddie'süîÅRetweet""",https://twitter.com/twitter/statuses/[1335364457271201792],5,"[""[{'text': 'USA', 'indices': [32, 36]}, {'text': 'USAElections2020', 'indices': [37, 54]}]""]"
0,USA elections date,Sensible leadership the USA needs it #USAElections2020 https://t.co/tReW9Enbqa,2020-12-05,'Joy Merriam',https://twitter.com/twitter/statuses/[1335329451350036480],0,"[""[{'text': 'USAElections2020', 'indices': [37, 54]}]""]"
1,USA elections date,"""The idea of having a USA cricket team is very exciting. I think theyre doing an excellent job recruiting players to improve their game #USAElections2020 #cricket #USA""",2020-12-04,'The Cricket Judge üë®\u200d‚öñÔ∏è',https://twitter.com/twitter/statuses/[1334835270521417729],0,"[""[{'text': 'USAElections2020', 'indices': [136, 153]}, {'text': 'cricket', 'indices': [154, 162]}, {'text': 'USA', 'indices': [163, 167]}]""]"
1,USA elections date,#DNT is currently only $0.05 on @CoinBase and volume is up BIG this week! #Bitcoin #XRP #KLM #TRX #cryptocurrencies #XRPCommunity #Binance #BTC #altcoins #Litecoin #4MoreYears #AmericaFirst #usa #USAElections2020 #USA #TrumpWon https://t.co/tlBzQVz765,2020-12-05,'üá∫üá∏ Trump Won Briskovic üá∫üá∏',https://twitter.com/twitter/statuses/[1335027635362000896],1,"[""[{'text': 'DNT', 'indices': [0, 4]}, {'text': 'Bitcoin', 'indices': [74, 82]}, {'text': 'XRP', 'indices': [83, 87]}, {'text': 'KLM', 'indices': [88, 92]}, {'text': 'TRX', 'indices': [93, 97]}, {'text': 'cryptocurrencies', 'indices': [98, 115]}, {'text': 'XRPCommunity', 'indices': [116, 129]}, {'text': 'Binance', 'indices': [130, 138]}, {'text': 'BTC', 'indices': [139, 143]}, {'text': 'altcoins', 'indices': [144, 153]}, {'text': 'Litecoin', 'indices': [154, 163]}, {'text': '4MoreYears', 'indices': [164, 175]}, {'text': 'AmericaFirst', 'indices': [176, 189]}, {'text': 'usa', 'indices': [190, 194]}, {'text': 'USAElections2020', 'indices': [195, 212]}, {'text': 'USA', 'indices': [213, 217]}, {'text': 'TrumpWon', 'indices': [218, 227]}]""]"
0,USA elections date,House of cards ....Frank Underwood #USAElections2020 #houseofcards #usa https://t.co/UKlYV1K9Zx,2020-12-06,'Muhanad Zuwayyed',https://twitter.com/twitter/statuses/[1335683766765891586],0,"[""[{'text': 'USAElections2020', 'indices': [35, 52]}, {'text': 'houseofcards', 'indices': [53, 66]}, {'text': 'usa', 'indices': [67, 71]}]""]"
0,Final recount day,RT @business: On potential recounts: An elections official in Georgia yesterday hinted that a recount is possible. \n\nIt can be requested th‚Ä¶,2020-11-06,'Bloomberg Politics',https://twitter.com/twitter/statuses/[1324723569394417664],21,['[]']
168,Final recount day,How a Wisconsin recount would work https://t.co/VPDfCsPM1f,2020-11-05,'The Washington Post',https://twitter.com/twitter/statuses/[1324156251769589760],32,['[]']
103,Final recount day,"How recounts work in Wisconsin, Georgia and other key states https://t.co/bl1j2Yq5ut",2020-11-05,'The Washington Post',https://twitter.com/twitter/statuses/[1324446037226987523],25,['[]']
202,Final recount day,How Katherine Harris became a celebrity during the 2000 recount in Florida https://t.co/KJ4Zx5di5W,2020-11-07,'The Washington Post',https://twitter.com/twitter/statuses/[1324961171414380545],31,['[]']
4,Final recount day,Georgia announces recount after presidential race too close to call https://t.co/Zth8llbrrP,2020-11-06,'Guardian US',https://twitter.com/twitter/statuses/[1324823876736602112],6,['[]']
429,Final recount day,Georgia says it plans to recount its votes in the presidential race https://t.co/ya1nwurJ0Q,2020-11-06,'The Washington Post',https://twitter.com/twitter/statuses/[1324749572472786945],74,['[]']
0,Final recount day,RT @CarmsHockeyClub: It‚Äôs the final day of the quarter finals! \nPlease get voting and sharing for Carmsüåüwe appreciate all the support we‚Äôve‚Ä¶,2020-12-06,'Laura Massocchi',https://twitter.com/twitter/statuses/[1335659845253533700],4,['[]']
0,Final recount day,@realDonaldTrump @BreitbartNews #DonaldTrump #DiaperDon recounts #Florida &amp; #Texas,2020-12-06,'Angeluis Larp',https://twitter.com/twitter/statuses/[1335605488671604737],0,"[""[{'text': 'DonaldTrump', 'indices': [32, 44]}, {'text': 'DiaperDon', 'indices': [45, 55]}, {'text': 'Florida', 'indices': [65, 73]}, {'text': 'Texas', 'indices': [80, 86]}]""]"
213,Final recount day,"McConnell backs Trump‚Äôs legal challenges, says system ""will resolve any recounts"" https://t.co/PeXOBG6KxZ",2020-11-09,'The Washington Post',https://twitter.com/twitter/statuses/[1325906968377237504],42,['[]']
952,Final recount day,"Georgia‚Äôs secretary of state said on Friday that the presidential race in his state was so close that a recount was inevitable. ‚ÄúThe final tally in Georgia at this point has huge implications for the entire country."" he said. https://t.co/hhegKsmlDe https://t.co/a5lK588JPL",2020-11-06,'The New York Times',https://twitter.com/twitter/statuses/[1324762266554802178],172,['[]']
14,Final recount day,"""Alex Trebeks final Jeopardy! episode to air on Christmas Day https://t.co/h1M1Zjof0p""",2020-11-09,'Guardian US',https://twitter.com/twitter/statuses/[1325821495378112514],8,['[]']
747,Final recount day,"The Biden campaign will focus on Pennsylvania on Monday, the final day before the election https://t.co/YJfukMXSUl",2020-10-30,'CNN Politics',https://twitter.com/twitter/statuses/[1322311850273497088],93,['[]']
617,Final recount day,"The Biden campaign will focus on Pennsylvania on Monday, the final day before the election https://t.co/vyCrBjJFFc",2020-10-30,'CNN Politics',https://twitter.com/twitter/statuses/[1322177467663208451],86,['[]']
1,Final recount day,"71% OF BALLOTS CANNOT BE RECOUNTED!!! This woman is AMAZING!!! What a star, this is patriotism and INTEGRITY right here.#USAElections2020  https://t.co/LSPVUHDT7n",2020-12-02,'Jommeke (parler)AKA Bj√∂rn Soenens',https://twitter.com/twitter/statuses/[1334114738373079043],0,"[""[{'text': 'USAElections2020', 'indices': [120, 137]}]""]"
15,Final recount day,"""Trump supporters protest outside of Detroits TCF Center, demanding a recount #Election2020 https://t.co/WbzUXuaep4 https://t.co/lwgBnG3UE9""",2020-11-06,'Bloomberg Politics',https://twitter.com/twitter/statuses/[1324731977585561601],6,"[""[{'text': 'Election2020', 'indices': [78, 91]}]""]"
6,Final recount day,Pennsylvania Secretary of the Commonwealth Kathy Boockvar says she doesn‚Äôt think a recount in the state is inevitable https://t.co/z1jWYY4H3B,2020-11-04,'Bloomberg Politics',https://twitter.com/twitter/statuses/[1324067643922489344],3,['[]']
0,Final recount day,I still think @realshanerichie won!\n\nLike #trump in the #USElections I call for a recount on #ImACeleb üòÇ\n\n#ImACelebFinal #ImACelebrity,2020-12-04,'Scott Elliott',https://twitter.com/twitter/statuses/[1334986820711559169],0,"[""[{'text': 'trump', 'indices': [42, 48]}, {'text': 'USElections', 'indices': [56, 68]}, {'text': 'ImACeleb', 'indices': [93, 102]}, {'text': 'ImACelebFinal', 'indices': [106, 120]}, {'text': 'ImACelebrity', 'indices': [121, 134]}]""]"
205,Final recount day,LATEST: Georgia announces an audit of presidential election results that will trigger a full hand recount in the state https://t.co/hEItDlDgh9,2020-11-11,'Bloomberg Politics',https://twitter.com/twitter/statuses/[1326556969239502849],60,['[]']
0,Final recount day,"RT @plmrry: Biden‚Äôs lead in Pennsylvania is now 0.51%, surpassing the margin needed for an automatic recount\n\nhttps://t.co/Ba2WebjTmq https‚Ä¶",2020-11-07,'Bloomberg Politics',https://twitter.com/twitter/statuses/[1325166964860358656],78,['[]']
373,Final recount day,"Trump campaign says it will ask for recount in Wisconsin, where Biden leads by about 20,000 votes in unofficial results https://t.co/1pL0m7C4az",2020-11-04,'The Washington Post',https://twitter.com/twitter/statuses/[1324052601000861702],68,['[]']
42,How to boil water,Scientists have confirmed for the first time the presence of water on the moon‚Äôs sunlit surface. https://t.co/I69lECei6S,2020-10-27,'HuffPost Politics',https://twitter.com/twitter/statuses/[1320932957058682881],10,['[]']
166,How to boil water,"Cruising won‚Äôt resume in U.S. waters until 2021, with lines renewing a voluntary suspension https://t.co/hMLRGdxyQ5",2020-11-03,'The Washington Post',https://twitter.com/twitter/statuses/[1323752612991246338],25,['[]']
2,How to boil water,People of color more likely to live without piped water in richest US cities https://t.co/3eFMtnXTER,2020-11-02,'Guardian US',https://twitter.com/twitter/statuses/[1323381657798430725],7,['[]']
2,How to boil water,Pond to pin: Jon Rahm hits amazing water shot at Masters practice ‚Äì video https://t.co/SjcD0YSQAW,2020-11-10,'Guardian US',https://twitter.com/twitter/statuses/[1326284107480002569],0,['[]']
219,How to boil water,"Burst water pipe in Atlanta‚Äôs State Farm Arena delayed the counting of several thousand absentee ballots, officials say https://t.co/bPOrnLJjnM",2020-11-04,'The Washington Post',https://twitter.com/twitter/statuses/[1323805499284951040],87,['[]']
298,How to boil water,"Top Senate Democrats are calling on electricity, water and telecommunications giants to voluntarily halt all utility shutoffs for the duration of the coronavirus pandemic https://t.co/CqtK0NP08D",2020-10-30,'The Washington Post',https://twitter.com/twitter/statuses/[1322212514034311169],83,['[]']
11,How to boil water,"Riot police with water cannons moved on Sunday to disperse protesters outside the central elections commission building in Georgia‚Äôs capital, Tbilisi https://t.co/5I5md9IAUM",2020-11-08,'Bloomberg Politics',https://twitter.com/twitter/statuses/[1325557722742448129],4,['[]']
2080,How to boil water,‚ÄúI am literally looking inside the whale‚Äôs mouth.‚Äù Two friends kayaking in California were tossed into the water by a surfacing humpback whale. (They are fine.) https://t.co/ZVQT6bdsX4 https://t.co/RHKOznjkyZ,2020-11-05,'The New York Times',https://twitter.com/twitter/statuses/[1324479136753242112],348,['[]']
15,How to boil water,"The CDC says it will lift a ban on cruises in U.S. waters, even as government scientists warn that ships remain vulnerable to deadly Covid-19 outbreaks https://t.co/cOWdLmPTjL",2020-10-30,'Bloomberg Politics',https://twitter.com/twitter/statuses/[1322314981103251456],8,['[]']
3319,How to boil water,"Meet the dumbo octopus üêô just one of the creatures revealed by the Schmidt Ocean Institute during an exploration of the dark, uncharted waters more than a mile below the surface in the Coral Sea off Australia‚Äôs east coast https://t.co/78Se8Bq0f3 https://t.co/MVZCjbQML8",2020-11-09,'The New York Times',https://twitter.com/twitter/statuses/[1325732385757990913],387,['[]']
0,How to boil water,"We did not #Vote for @JoeBiden @KamalaHarris #BidenHarris ~ We were Voting to #FireTrump and we did ~ \nHealthcare, Cannabis, Housing for all Americans, clean Water to drink, Education, we will have to keep fighting for #INDIGENOUS #BlackLivesMatter #Children @DNC does not care https://t.co/QEUdo6YyxR",2020-12-06,'Black Lives Matter ~ Cannabis is Food that Heals',https://twitter.com/twitter/statuses/[1335680037471793153],0,"[""[{'text': 'Vote', 'indices': [11, 16]}, {'text': 'BidenHarris', 'indices': [45, 57]}, {'text': 'FireTrump', 'indices': [78, 88]}, {'text': 'INDIGENOUS', 'indices': [219, 230]}, {'text': 'BlackLivesMatter', 'indices': [231, 248]}, {'text': 'Children', 'indices': [249, 258]}]""]"
1038,How to boil water,"Special report: During Trump‚Äôs term, millions of government and GOP dollars have flowed to his properties.\n\nFor instance, Mar-a-Lago charged the government $3 apiece for glasses of water for Trump and the Japanese leader. https://t.co/bhdEbgEpXp",2020-10-27,'The Washington Post',https://twitter.com/twitter/statuses/[1321138590290685954],613,['[]']
218,How to boil water,"In July, Pfizer and BioNTech initiated a late-stage clinical trial on a coronavirus vaccine. Half of the people got the vaccine, while the other half got a placebo of salt water. https://t.co/bNMMyyO1Ri https://t.co/dgC9rsnmsT",2020-11-09,'The New York Times',https://twitter.com/twitter/statuses/[1325918000910888961],40,['[]']
4197,How to boil water,"""It was 30 years ago that Bernie and I and Maxine Waters, Lane Evans, Ron Dellums and Tom Adams founded the Progressive Caucus. There were six of us. Six. Now it‚Äôs the second largest caucus in the House.‚Äù ‚Äì@DeFazio4Oregon https://t.co/bpTjhHt33U",2020-11-03,'Bernie Sanders',https://twitter.com/twitter/statuses/[1323466078358556673],357,['[]']
0,How to boil water,"""@FrankLuntz @RBGInitiative Exactly. \n\nHCQ seems so long ago. \n\n#DonaldTrump says he took that stuff, yet he STILL got #COVID19, so, yet ANOTHER thing #DiaperDonald has tried to push thats proven to be BS, and people STILL believe him.... \n\nIf he told his #GriftOfTheMAGA crowd he could walk on water....""",2020-12-06,'Just Steve.... Follow me toward a brighter future!',https://twitter.com/twitter/statuses/[1335623996314775552],0,"[""[{'text': 'DonaldTrump', 'indices': [63, 75]}, {'text': 'COVID19', 'indices': [118, 126]}, {'text': 'DiaperDonald', 'indices': [150, 163]}, {'text': 'GriftOfTheMAGA', 'indices': [256, 271]}]""]"
