,date,favorites,hashtags,query,retweets,tweet,url
0,2020-12-06,0,"[""[{'text': '2020Election', 'indices': [70, 83]}, {'text': 'MAGA', 'indices': [84, 89]}, {'text': 'TrumpTantrum', 'indices': [90, 103]}, {'text': 'Cult45', 'indices': [104, 111]}, {'text': 'BidenHarris', 'indices': [112, 124]}, {'text': 'MyPresident', 'indices': [125, 137]}]""]",Who won the elections?,0,"Before election, after election, same crap. He and his bots gotta go. #2020Election #MAGA #TrumpTantrum #Cult45 #BidenHarris #MyPresident https://t.co/xylfR9pWKJ",https://twitter.com/twitter/statuses/1335680967529271296
1,2020-11-03,0,['[]'],Who won the elections?,15,RT @digimuller: Fact: No U.S. election has seen widespread fraud and it is routine for ballots to be counted after Election Day https://t.c‚Ä¶,https://twitter.com/twitter/statuses/1323616330734542848
2,2020-10-31,4,['[]'],Who won the elections?,1,How to vote in person on Election Day https://t.co/JccGXBBsiF,https://twitter.com/twitter/statuses/1322350134026506245
3,2020-11-04,3,['[]'],Who won the elections?,0,2020 election: what we know so far https://t.co/AN9WyW3SA8,https://twitter.com/twitter/statuses/1323795139224084480
4,2020-11-04,3,['[]'],Who won the elections?,2,When will we know the US election result? https://t.co/nMlm9pbONp,https://twitter.com/twitter/statuses/1323950547473412096
5,2020-11-10,449,['[]'],Who won the elections?,140,"‚ÄúWe believe the statements by President Trump alleging fraud in the election are efforts to undermine the legitimacy of the election and are unacceptable,‚Äù they said. https://t.co/y5vdPJ75HD",https://twitter.com/twitter/statuses/1326032970034143234
6,2020-11-03,313546,['[]'],Who won the elections?,34030,Election Day should be a national holiday.,https://twitter.com/twitter/statuses/1323726954231701505
7,2020-11-02,0,['[]'],Who won the elections?,25,RT @HuffPost: We want to explain how we‚Äôll be calling election winners on Tuesday night. HuffPost‚Äôs election hub is powered by data from @A‚Ä¶,https://twitter.com/twitter/statuses/1323394820677672960
8,2020-11-03,0,"[""[{'text': 'election', 'indices': [125, 134]}]""]",Who won the elections?,12,RT @EmmaKinery: Polls will begin closing in the next hour. Follow our @bpolitics Election Night Live Blog for updates on the #election as t‚Ä¶,https://twitter.com/twitter/statuses/1323755575897980928
9,2020-11-03,1509,['[]'],Who won the elections?,204,North Carolina‚Äôs election results will be delayed by at least 45 minutes after the board of elections extended voting at one location that was having problems this morning https://t.co/dhFjo3BtE5 https://t.co/JUfTMNy8rR,https://twitter.com/twitter/statuses/1323706777762963457
10,2020-11-07,20,['[]'],Who won the elections?,7,From agony to elation: the election that has transfixed the world https://t.co/viNHGA0Ok8,https://twitter.com/twitter/statuses/1325147611507134470
11,2020-11-06,511,['[]'],Who won the elections?,62,"Where drugs were on the ballot on Election Day, they won handily. https://t.co/M6TsBajd0u",https://twitter.com/twitter/statuses/1324667871604166659
12,2020-11-03,114,['[]'],Who won the elections?,45,Trump signals chaotic stretch after election https://t.co/iR54ZsOOLF,https://twitter.com/twitter/statuses/1323452349592068096
13,2020-11-03,88,['[]'],Who won the elections?,26,"""Heres what you need to know about election night https://t.co/E4fBGgmvbb""",https://twitter.com/twitter/statuses/1323585975939903489
14,2020-11-03,1,['[]'],Who won the elections?,0,The Senate races to watch on election night https://t.co/ZM6pAEfGir,https://twitter.com/twitter/statuses/1323530106560778240
15,2020-11-03,48,['[]'],Who won the elections?,11,How Big Tech is planning for election night https://t.co/qYWQ4gX491,https://twitter.com/twitter/statuses/1323676070734897153
16,2020-11-29,0,"[""[{'text': 'trump', 'indices': [105, 111]}, {'text': 'uselectionresults', 'indices': [112, 130]}, {'text': 'ElectionFraud', 'indices': [131, 145]}, {'text': 'gop', 'indices': [146, 150]}, {'text': 'Democrats', 'indices': [151, 161]}, {'text': 'biden', 'indices': [162, 168]}, {'text': 'Pennsylvaniahearing', 'indices': [169, 189]}, {'text': 'election', 'indices': [190, 199]}]""]",Who won the elections?,0,"I‚Äôve been busy for the last few days, is there any actual proof yet that the US election was fraudulent? #trump #uselectionresults #ElectionFraud #gop #Democrats #biden #Pennsylvaniahearing #election",https://twitter.com/twitter/statuses/1333145679594741765
17,2020-11-06,3,['[]'],Who won the elections?,2,US election 2020: what is the state of the race? https://t.co/Ya3WIsJt1A,https://twitter.com/twitter/statuses/1324747052006387712
18,2020-11-05,1,['[]'],Who won the elections?,0,What we know so far about the 2020 US election https://t.co/akEGTZFC3n,https://twitter.com/twitter/statuses/1324487741711724547
19,2020-11-03,160,['[]'],Who won the elections?,26,"Perspective: Yes, your 401(k) can survive the election https://t.co/STOo93MxN3",https://twitter.com/twitter/statuses/1323426180196978688
20,2020-11-04,247,['[]'],Votes count,64,Analysis: Where votes are still being counted https://t.co/yYYChPmTBS,https://twitter.com/twitter/statuses/1323985875915649024
21,2020-11-05,193,['[]'],Votes count,49,Analysis: Where votes are still being counted https://t.co/wMst7sWnIf,https://twitter.com/twitter/statuses/1324358070865219584
22,2020-11-04,0,"[""[{'text': 'Election2020', 'indices': [60, 73]}]""]",Votes count,223,RT @business: To be clear: Votes are still being counted in #Election2020 \n\nThere are millions of votes left to count.\n\nDoes Trump have a p‚Ä¶,https://twitter.com/twitter/statuses/1323892192948244481
23,2020-11-05,62,['[]'],Votes count,30,"Count the votes or stop the count? Trump supporters have been trying to pressure election officials to stop counting ballots in states like Pennsylvania and Michigan, while making the opposite demands in Arizona. https://t.co/6jijrW3tG2",https://twitter.com/twitter/statuses/1324420535166636032
24,2020-11-05,1319,['[]'],Votes count,97,"Joe Biden says ""every vote must be counted"" as several battleground states continue counting ballots https://t.co/8WRuyt5iNC",https://twitter.com/twitter/statuses/1324354300282310656
25,2020-10-28,4,['[]'],Votes count,3,What states have learned about counting votes in a pandemic https://t.co/jo6PyS8N6K,https://twitter.com/twitter/statuses/1321590388709335045
26,2020-11-07,3,['[]'],Votes count,0,Why is the Nevada vote count taking so long? https://t.co/qTBhQovUvt,https://twitter.com/twitter/statuses/1324884544139497473
27,2020-11-05,916798,['[]'],Votes count,60074,"Be patient, folks. Votes are being counted, and we feel good about where we are.",https://twitter.com/twitter/statuses/1324406121721786369
28,2020-11-06,1405,['[]'],Votes count,207,"""The votes being counted in Pennsylvania do not include any mail ballots arriving after Nov. 3. Those are being kept segregated. This count is for votes in by Election Day,"" @NYTnickc reports. Follow our live coverage. https://t.co/WYVvELn2Mq",https://twitter.com/twitter/statuses/1324718336962383874
29,2020-11-04,47,"[""[{'text': 'Election2020', 'indices': [35, 48]}]""]",Votes count,15,"""Heres the latest from Michigan ‚¨áÔ∏è #Election2020 \n\nBloomberg News estimates that at least 92% of the votes state-wide have been counted. \n\nOf the votes that remain to be counted, a majority of them come from places that leaned Democratic in 2016 https://t.co/MCaVdBoezx https://t.co/s0GIv0NyXi""",https://twitter.com/twitter/statuses/1324094226293006341
30,2020-11-04,430,"[""[{'text': 'Election2020', 'indices': [109, 122]}]""]",Votes count,189,"WATCH: Trump supporters chant ""stop the count"" outside Detroit\s TCF Center, where ballots are being counted #Election2020 https://t.co/pmxg7EKqIt https://t.co/OVday0x7m0",https://twitter.com/twitter/statuses/1324091482844909570
31,2020-11-05,301867,['[]'],Votes count,19864,.@JoeBiden and I are clear: every single vote must be counted.,https://twitter.com/twitter/statuses/1324153175285374977
32,2020-11-04,415,['[]'],Votes count,44,"In photos: As votes are counted, Americans remain anxious https://t.co/tvxLuYzDol https://t.co/mrM2lj6ciZ",https://twitter.com/twitter/statuses/1323875649929547776
33,2020-11-02,523,['[]'],Votes count,121,Analysis: Votes are always being counted for days after election night https://t.co/TV29ht5RGL,https://twitter.com/twitter/statuses/1323378368918757376
34,2020-11-09,2192,['[]'],Votes count,288,President Trump has been trying to pre-emptively delegitimize ballots counted after November 3. But states have always counted past election night.\nhttps://t.co/OByHe0seo7,https://twitter.com/twitter/statuses/1325717278856503297
35,2020-11-04,393,['[]'],Votes count,58,"With an estimated 99 percent of votes counted, here is where things stand in Wisconsin. https://t.co/OQGQp5o2qL",https://twitter.com/twitter/statuses/1323984141885624320
36,2020-11-05,78,['[]'],Votes count,18,"""Germanys top diplomat asks Trump to let all votes be counted https://t.co/8SZ7xJfsHK""",https://twitter.com/twitter/statuses/1324461756769599501
37,2020-11-06,15,['[]'],Votes count,6,"""Trumps vote count lawsuits fail in court but rouse his base https://t.co/IlpD8UrXix""",https://twitter.com/twitter/statuses/1324557372459782145
38,2020-11-04,194,['[]'],Votes count,32,"With an estimated 86 percent of votes counted, here is where things stand in Michigan. https://t.co/bMLHEbdy3N",https://twitter.com/twitter/statuses/1323985602107330561
39,2020-11-03,69,['[]'],Votes count,14,Analysis from @daveweigel: The crucial counties to watch as the vote count comes in https://t.co/oK9FoOc3dO,https://twitter.com/twitter/statuses/1323731904521293832
40,2020-11-08,951,['[]'],Is Joe Biden the president?,134,The votes that won Joe Biden the presidency https://t.co/2amOi2CPyq,https://twitter.com/twitter/statuses/1325443230377385984
41,2020-11-07,15,['[]'],Is Joe Biden the president?,5,How Joe Biden won the presidency ‚Äì a visual guide https://t.co/zRdmZyGFUb,https://twitter.com/twitter/statuses/1325131043431735296
42,2020-11-07,27,['[]'],Is Joe Biden the president?,8,"""Joe Bidens journey to the presidency ‚Äì in pictures https://t.co/mLMAJ5yyqJ""",https://twitter.com/twitter/statuses/1325114290630774788
43,2020-11-10,7,['[]'],Is Joe Biden the president?,2,"""Soul of the nation: how Joe Bidens faith will shape his presidency https://t.co/gGWRMIphYn""",https://twitter.com/twitter/statuses/1326072757717708800
44,2020-11-07,4462,['[]'],Is Joe Biden the president?,307,"Watch Kamala Harris\ call with Joe Biden: ""We did it, Joe"" https://t.co/rvn38UsweF https://t.co/851SH3tNxo",https://twitter.com/twitter/statuses/1325138255449378816
45,2020-11-05,112,['[]'],Is Joe Biden the president?,30,A Joe Biden victory would likely mean a gridlock presidency https://t.co/B4ac725dHN,https://twitter.com/twitter/statuses/1324318205003894784
46,2020-11-09,5997,['[]'],Is Joe Biden the president?,438,Opinion: Joe Biden is already showing he is the right president for the moment https://t.co/Bu3sRz8qt1,https://twitter.com/twitter/statuses/1325592780559757313
47,2020-11-07,28306,"[""[{'text': 'CNNElection', 'indices': [196, 208]}]""]",Is Joe Biden the president?,9192,"BREAKING: JOE BIDEN WINS\n\nJoe Biden will be the 46th president of the United States, CNN projects, after a victory in Pennsylvania puts the Scranton-born Democrat over 270 https://t.co/3BuAr574GM #CNNElection https://t.co/ewnnJquLPC",https://twitter.com/twitter/statuses/1325112912554364929
48,2020-11-07,12,['[]'],Is Joe Biden the president?,5,"What‚Äôs ahead under President Joe Biden, industry by industry https://t.co/HMnO4B9YVr",https://twitter.com/twitter/statuses/1325195849245208576
49,2020-11-10,3142,['[]'],Is Joe Biden the president?,352,"Joe Biden says President Trump\s refusal to concede the election that he lost is ""an embarrassment"" that ""will not help the President\s legacy"" https://t.co/uvu1WCAR79 https://t.co/nj4tl9vFlJ",https://twitter.com/twitter/statuses/1326276730668118020
50,2020-11-11,215,['[]'],Is Joe Biden the president?,39,"President Trump has yet to concede, or invite President-elect Joe Biden to the White House. https://t.co/FG4DvwCwgn",https://twitter.com/twitter/statuses/1326635227888971780
51,2020-11-10,761,['[]'],Is Joe Biden the president?,64,"Joe Biden moves quickly to tackle coronavirus, the issue that could define his presidency https://t.co/B8j07NAJo6 https://t.co/w0nF6z5sCn",https://twitter.com/twitter/statuses/1326157930857684992
52,2020-11-10,2866,['[]'],Is Joe Biden the president?,296,"Opinion: Joe Biden is right, it is time to move on https://t.co/QovnFMDoy3",https://twitter.com/twitter/statuses/1326293500997099522
53,2020-10-28,67,['[]'],Is Joe Biden the president?,13,"""The former president stumped for Joe Biden in Florida, which is anyones game as the 2020 election draws to an end. https://t.co/6wxqZDQNbd""",https://twitter.com/twitter/statuses/1321379943272587266
54,2020-11-07,2207,['[]'],Is Joe Biden the president?,252,"""President-elect Joe Bidens victory over President Donald Trump sparked celebrations in cities across the country https://t.co/QJLH3x4iQT""",https://twitter.com/twitter/statuses/1325216221210537985
55,2020-11-07,12822,['[]'],Is Joe Biden the president?,834,"Former President Barack Obama expressed confidence in his former vice president, President-elect Joe Biden. Follow along live: https://t.co/lboFPvVk3Z https://t.co/ynKidEZZnA",https://twitter.com/twitter/statuses/1325144764786872320
56,2020-11-07,3637,['[]'],Is Joe Biden the president?,326,"‚ÄúWe‚Äôre fortunate that Joe‚Äôs got what it takes to be President and already carries himself that way,"" former President Barack Obama said in a statement congratulating Joe Biden. https://t.co/XOQ97Z0L62 https://t.co/4ozyrFqfl2",https://twitter.com/twitter/statuses/1325149062019035138
57,2020-11-07,24,['[]'],Is Joe Biden the president?,2,"""Joe Bidens lead was tightest in Georgia, where he was separated from President Donald Trump by just a few thousand votes early Saturday\nhttps://t.co/7fYJvYwY3r""",https://twitter.com/twitter/statuses/1325018477476900866
58,2020-11-29,0,"[""[{'text': 'uselectionresults', 'indices': [104, 122]}, {'text': 'TrumpIsPathetic', 'indices': [123, 139]}]""]",Is Joe Biden the president?,0,"He is delusional, he is ranting....you lost the election to President Elect Joe Biden. @realDonaldTrump #uselectionresults #TrumpIsPathetic",https://twitter.com/twitter/statuses/1333124817084674049
59,2020-11-08,8,"[""[{'text': 'Election2020', 'indices': [106, 119]}]""]",Is Joe Biden the president?,2,PHOTOS: Trump supporters rallied against the news that Joe Biden was projected to win the U.S. presidency #Election2020 https://t.co/jQnPM9MGru https://t.co/sN9zjBBIBu,https://twitter.com/twitter/statuses/1325501417302487042
60,2020-11-03,204757,['[]'],Pennsylvania votes,15800,"""Lets win this thing, Pennsylvania! https://t.co/jmCXbuL5V3""",https://twitter.com/twitter/statuses/1323747783732535300
61,2020-11-01,501,['[]'],Pennsylvania votes,70,Democrats grow more anxious about Pennsylvania https://t.co/xJQK99bvFR,https://twitter.com/twitter/statuses/1322950540469391365
62,2020-11-06,17,['[]'],Pennsylvania votes,8,Biden narrows Pennsylvania gap as vote count grinds on - live blog: https://t.co/7FdFPxIcGF,https://twitter.com/twitter/statuses/1324616524360011778
63,2020-11-06,481,"[""[{'text': 'Election2020', 'indices': [69, 82]}]""]",Pennsylvania votes,52,"See where the vote count in Pennsylvania stands now, and follow live #Election2020 results here: \nhttps://t.co/Eh2ptdb91v",https://twitter.com/twitter/statuses/1324529458729095168
64,2020-11-05,631,"[""[{'text': 'Election2020', 'indices': [69, 82]}]""]",Pennsylvania votes,59,"See where the vote count in Pennsylvania stands now, and follow live #Election2020 results here.\nhttps://t.co/Q7DI0GZaxp",https://twitter.com/twitter/statuses/1324353298854535168
65,2020-11-06,621,"[""[{'text': 'Election2020', 'indices': [69, 82]}]""]",Pennsylvania votes,91,"See where the vote count in Pennsylvania stands now, and follow live #Election2020 results here: \nhttps://t.co/t65yD8mn2W",https://twitter.com/twitter/statuses/1324587336378781696
66,2020-11-06,3,['[]'],Pennsylvania votes,8,Pennsylvania court orders segregation of provisional ballots https://t.co/nIBkfNJhet,https://twitter.com/twitter/statuses/1324804003746766848
67,2020-11-02,532,['[]'],Pennsylvania votes,64,Biden turns to Pennsylvania as he hammers Trump‚Äôs presidency https://t.co/vsy6f5Kyop,https://twitter.com/twitter/statuses/1323265612416733184
68,2020-11-05,511,['[]'],Pennsylvania votes,74,"""Heres what Pennsylvania looks like, with an estimated 93 percent of votes counted https://t.co/c5XB2G32gE https://t.co/h9N74Kzruo""",https://twitter.com/twitter/statuses/1324488440835121153
69,2020-11-05,482,['[]'],Pennsylvania votes,80,"""Heres what Pennsylvania looks like, with an estimated 92 percent of votes counted https://t.co/bQ6E6hHdmL https://t.co/VbOUl4vpCn""",https://twitter.com/twitter/statuses/1324446554619600896
70,2020-10-29,83,['[]'],Pennsylvania votes,13,READ: Supreme Court orders in North Carolina and Pennsylvania voting cases https://t.co/fRVBHmECvS https://t.co/N9NaPPQV8J,https://twitter.com/twitter/statuses/1321632098411839488
71,2020-11-07,53,['[]'],Pennsylvania votes,9,"""Trump legal blitz wont impact Pennsylvania vote, state AG says https://t.co/sYFQPxloGT""",https://twitter.com/twitter/statuses/1324908745063849984
72,2020-11-06,3445,['[]'],Pennsylvania votes,401,Biden overtakes Trump in Georgia; race narrows in Pennsylvania https://t.co/setZXXsQrV,https://twitter.com/twitter/statuses/1324655532951699456
73,2020-11-06,3668,['[]'],Pennsylvania votes,529,Joe Biden takes lead in count in Pennsylvania and Georgia https://t.co/pPg1eeasm6,https://twitter.com/twitter/statuses/1324711356466155520
74,2020-11-04,231,['[]'],Pennsylvania votes,71,"Counting in Wisconsin, Pennsylvania, Michigan likely to stretch into Wednesday https://t.co/LVwWCNZ6oH",https://twitter.com/twitter/statuses/1323863113368772608
75,2020-11-05,12,['[]'],Pennsylvania votes,4,"Pennsylvania must segregate some flawed ballots, judge says https://t.co/B4UaoFuBcH",https://twitter.com/twitter/statuses/1324456719636930566
76,2020-11-03,681,['[]'],Pennsylvania votes,79,"""Twitter labels and restricts President Trumps post about voting in Pennsylvania on election eve https://t.co/PjwabqZddI https://t.co/zFTnF3TtCq""",https://twitter.com/twitter/statuses/1323460920786472962
77,2020-11-07,4362,['[]'],Pennsylvania votes,342,"Biden is projected to win Pennsylvania, according to Edison Research https://t.co/THGpKsXs04 https://t.co/1UIQKCIRq6",https://twitter.com/twitter/statuses/1325114457908011008
78,2020-11-06,6,['[]'],Pennsylvania votes,2,"""Whats happening in Pennsylvania? The state that may be about to tip the US election https://t.co/3R8yQmaNIZ""",https://twitter.com/twitter/statuses/1324820061002047488
79,2020-11-10,4828,['[]'],Pennsylvania votes,961,"""False information about Joe Bidens victory in Pennsylvania is surging. https://t.co/yOMXjJwFQl https://t.co/Fvld4wlZhX""",https://twitter.com/twitter/statuses/1326236168544002052
80,2020-12-06,0,"[""[{'text': 'Vote', 'indices': [54, 59]}, {'text': 'GeorgiansVoteRevWarnockAndOssoffToSaveAmerica', 'indices': [60, 106]}, {'text': 'Georgia', 'indices': [108, 116]}]""]",Georgia votes,0,@AdrBell High turnout in Georgia can change all that!\n#Vote\n#GeorgiansVoteRevWarnockAndOssoffToSaveAmerica \n#Georgia,https://twitter.com/twitter/statuses/1335681485223944192
81,2020-12-06,0,"[""[{'text': 'georgia', 'indices': [81, 89]}, {'text': 'register', 'indices': [90, 99]}, {'text': 'runoff', 'indices': [100, 107]}, {'text': 'senate', 'indices': [108, 115]}, {'text': 'election', 'indices': [116, 125]}, {'text': 'vote', 'indices': [126, 131]}]""]",Georgia votes,2,"RT @tildieandchewie: Georgia register, vote and save us from Mitch McConnell\n.\n.\n#georgia #register #runoff #senate #election #vote #democr‚Ä¶",https://twitter.com/twitter/statuses/1335688936623140865
82,2020-12-06,0,"[""[{'text': 'Georgia', 'indices': [4, 12]}, {'text': 'Vote', 'indices': [34, 39]}]""]",Georgia votes,0,Hey #Georgia. Please register and #Vote. We are ALL counting on you. https://t.co/lkA09yKaxT,https://twitter.com/twitter/statuses/1335677097583333376
83,2020-12-06,0,"[""[{'text': 'vote', 'indices': [58, 63]}]""]",Georgia votes,0,@RiversideNYC Your Georgia siblings appreciate your work! #vote,https://twitter.com/twitter/statuses/1335676865483329536
84,2020-12-06,0,"[""[{'text': 'VOTE', 'indices': [14, 19]}]""]",Georgia votes,0,@Perduesenate #VOTE\nVote For JON OSSOFF\nGeorgians Deserve Better!\n\n@sendavidperdue \nVOTE OUT Trump Sycophant\nVOTE OUT A Blatant Racist\nVOTE OUT Covid Silencer\nVOTE OUT Insider Trader\nVOTE OUT Debate Dodger\nVOTE OUT Georgia Failure\nVOTE OUT DAVID PERDUE\n https://t.co/Q9hVv8Khrr,https://twitter.com/twitter/statuses/1335664576822697984
85,2020-12-06,0,"[""[{'text': 'VOTE', 'indices': [11, 16]}]""]",Georgia votes,0,@KLoeffler #VOTE\nVote For RAPHAEL WARNOCK\nGeorgians Deserve Better!\n\n@SenatorLoeffler\nVOTE OUT Trump Sycophant\nVOTE OUT Covid Silencer\nVOTE OUT NYSE Husband Corruption\nVOTE OUT Insider Trader\nVOTE OUT Georgia Failure\nVOTE OUT KELLY LOEFFLER\n\nTrades After Briefing... https://t.co/5ithDMxC3B,https://twitter.com/twitter/statuses/1335665417029898242
86,2020-12-06,0,"[""[{'text': 'VOTE', 'indices': [11, 16]}]""]",Georgia votes,0,@KLoeffler #VOTE\nVote For RAPHAEL WARNOCK\nGeorgians Deserve Better!\n\n @SenatorLoeffler\nVOTE OUT Trump Sycophant\nVOTE OUT Covid Silencer\nVOTE OUT NYSE Husband Corruption\nVOTE OUT Insider Trader\nVOTE OUT Georgia Failure\nVOTE OUT KELLY LOEFFLER https://t.co/DBoeMMgZnb via @thedailybeast,https://twitter.com/twitter/statuses/1335665619077828615
87,2020-12-06,0,"[""[{'text': 'VOTE', 'indices': [28, 33]}]""]",Georgia votes,0,@KLoeffler @realDonaldTrump #VOTE\nVote For RAPHAEL WARNOCK\nGeorgians Deserve Better!\n @SenatorLoeffler\nVOTE OUT Trump Sycophant\nVOTE OUT Covid Silencer\nVOTE OUT NYSE Husband Corruption\nVOTE OUT Insider Trader\nVOTE OUT Georgia Failure\nVOTE OUT KELLY LOEFFLER\n\nTrades After Briefing... https://t.co/5ithDMxC3B,https://twitter.com/twitter/statuses/1335663462899396619
88,2020-12-06,0,"[""[{'text': 'VOTE', 'indices': [31, 36]}]""]",Georgia votes,0,@Perduesenate @kayleighmcenany #VOTE\nVote For JON OSSOFF\nGeorgians Deserve Better!\n\n@sendavidperdue @Perduesenate\nVOTE OUT Trump Sycophant\nVOTE OUT A Blatant Racist\nVOTE OUT Covid Silencer\nVOTE OUT Insider Trader\nVOTE OUT Debate Dodger\nVOTE OUT Georgia Failure\nVOTE OUT DAVID PERDUE\n https://t.co/Q9hVv8Khrr,https://twitter.com/twitter/statuses/1335661382440792066
89,2020-12-06,0,"[""[{'text': 'VOTE', 'indices': [45, 50]}]""]",Georgia votes,0,@KLoeffler @realDonaldTrump @ReverendWarnock #VOTE\nVote For RAPHAEL WARNOCK\nGeorgians Deserve Better!\n\n @SenatorLoeffler\nVOTE OUT Trump Sycophant\nVOTE OUT Covid Silencer\nVOTE OUT NYSE Husband Corruption\nVOTE OUT Insider Trader\nVOTE OUT Georgia Failure\nVOTE OUT KELLY LOEFFLER\n\nTrades After Briefing... https://t.co/5ithDMxC3B,https://twitter.com/twitter/statuses/1335680474069553152
90,2020-11-05,153,"[""[{'text': 'Election2020', 'indices': [80, 93]}]""]",Georgia votes,43,"""LATEST: Numbers out of Georgia show there are about ~36,000 votes left to count #Election2020 \n\nTrumps lead in the AP tally of Georgia is down to ~9,500 https://t.co/6Vuk7rclmR https://t.co/LPzTlbak0M""",https://twitter.com/twitter/statuses/1324488482824355842
91,2020-10-28,257354,['[]'],Georgia votes,14510,We voted. https://t.co/LjaPBB69wC,https://twitter.com/twitter/statuses/1321537217441996800
92,2020-12-06,0,"[""[{'text': 'VOTE', 'indices': [11, 16]}]""]",Georgia votes,0,"@KLoeffler #VOTE\nVote For RAPHAEL WARNOCK\nGeorgians Deserve Better!\n\n @SenatorLoeffler\nVOTE OUT Trump Sycophant\nVOTE OUT NYSE Husband Corruption\nVOTE OUT Insider Trader\nVOTE OUT Georgia Failure\nVOTE OUT KELLY LOEFFLER\n\nUnder Fire for Trades, Kelly Loeffler... https://t.co/Byj6mXeISC",https://twitter.com/twitter/statuses/1335665307109765122
93,2020-12-06,1,"[""[{'text': 'VOTE', 'indices': [28, 33]}]""]",Georgia votes,0,"@KLoeffler @realDonaldTrump #VOTE\nVote For RAPHAEL WARNOCK\nGeorgians Deserve Better!\n\n @SenatorLoeffler\nVOTE OUT Trump Sycophant\nVOTE OUT NYSE Husband Corruption\nVOTE OUT Insider Trader\nVOTE OUT Georgia Failure\nVOTE OUT KELLY LOEFFLER\n\nUnder Fire for Trades, Kelly Loeffler... https://t.co/Byj6mXeISC",https://twitter.com/twitter/statuses/1335663375595036680
94,2020-12-06,0,"[""[{'text': 'TrumpVirus', 'indices': [110, 121]}, {'text': 'voteblue', 'indices': [122, 131]}, {'text': 'Georgia', 'indices': [132, 140]}]""]",Georgia votes,1,https://t.co/v9QDWrLNEE Our Republican-led senate has failed us completely. Georgia vote and flip the senate! #TrumpVirus #voteblue #Georgia @ReverendWarnock @ossoff,https://twitter.com/twitter/statuses/1335691989526794240
95,2020-12-06,1,"[""[{'text': 'VOTE', 'indices': [28, 33]}]""]",Georgia votes,1,@KLoeffler @realDonaldTrump #VOTE\nVote For RAPHAEL WARNOCK\nGeorgians Deserve Better!\n\n @SenatorLoeffler \nVOTE OUT Trump Sycophant\nVOTE OUT NYSE Corruption\nVOTE OUT Insider Trader\nVOTE OUT Georgia Failure\nVOTE OUT KELLY LOEFFLER\n\nSen. Kelly Loeffler sold $18 million... https://t.co/oCnZ9K0l99 via @voxdotcom,https://twitter.com/twitter/statuses/1335663288005382146
96,2020-11-06,5128,['[]'],Georgia votes,904,Biden has taken the lead in both Georgia and Pennsylvania this morning as votes continue to be counted: https://t.co/RGmjCTnWKw\n\nResults are here as they come in:\nGeorgia: https://t.co/yZg2EpYJ5i\nPennsylvania: https://t.co/1QlxuuyGdm https://t.co/BfPsuaHBEh,https://twitter.com/twitter/statuses/1324715462832345089
97,2020-12-06,0,"[""[{'text': 'Georgia', 'indices': [0, 8]}, {'text': 'gavotes', 'indices': [144, 152]}, {'text': 'vote', 'indices': [153, 158]}]""]",Georgia votes,0,"""#Georgia! Register to vote. Make your voice HEARD! Not voting is not making a statement against anyone; no one can hear you if you dont speak! #gavotes #vote https://t.co/UObmVurH8f""",https://twitter.com/twitter/statuses/1335681666812006400
98,2020-12-06,6,"[""[{'text': 'VoteBlue', 'indices': [13, 22]}]""]",Georgia votes,2,"Go, Georgia! #VoteBlue https://t.co/atLzIo23ro",https://twitter.com/twitter/statuses/1335662352814010372
99,2020-10-30,46,['[]'],Georgia votes,7,"""Georgias secretary of state says voting is running smoothly despite Hurricane Zeta and new voting machines https://t.co/eRArawuY2N""",https://twitter.com/twitter/statuses/1322230550762033159
100,2020-11-04,360,['[]'],Texas votes,40,"Trump projected to win Texas, crushing ""Blue Texas"" dreams once again https://t.co/rDd1IMC7dC",https://twitter.com/twitter/statuses/1323886812520189952
101,2020-11-02,119,['[]'],Texas votes,32,"The FBI is investigating an incident of alleged harassment by Trump supporters of a Biden campaign bus in Texas, the Texas Tribune reports https://t.co/CcQfOTZu2Z",https://twitter.com/twitter/statuses/1323065389446823942
102,2020-11-01,56,['[]'],Texas votes,22,"""I regret livin\ in Texas"" is the punchline. https://t.co/TsO0dKV6GJ",https://twitter.com/twitter/statuses/1322844270324256768
103,2020-11-01,71455,['[]'],Texas votes,9793,Something big is happening in Texas. https://t.co/fNXqlVthok,https://twitter.com/twitter/statuses/1322735427594395648
104,2020-10-27,0,['[]'],Texas votes,498,RT @JCisnerosTX: The key to flipping Texas is by running up the numbers in South Texas. ü§†\n\nJoin me and Sen. @BernieSanders as we mobilize v‚Ä¶,https://twitter.com/twitter/statuses/1321177785319251971
105,2020-11-01,95993,['[]'],Texas votes,13947,"""Lets turn Texas blue.\n\nhttps://t.co/COWdd5hED8 https://t.co/TPNH6BKXGd""",https://twitter.com/twitter/statuses/1323023259512659968
106,2020-11-04,197,['[]'],Texas votes,43,"Here is a look at Texas, where an estimated 44 percent of votes have been counted https://t.co/qBB8WMytII",https://twitter.com/twitter/statuses/1323800721481977857
107,2020-10-29,608,['[]'],Texas votes,92,Texas casts more than 8.4 million votes ‚Äî 94% of total 2016 vote https://t.co/1GxJtdFY8g https://t.co/1zJP2NQbU0,https://twitter.com/twitter/statuses/1321828901061087232
108,2020-10-31,4511,['[]'],Texas votes,584,"Together, we can turn Texas blue and soundly defeat Trump. \n\nJoin us tomorrow for our virtual town hall, Fighting for Justice in South Texas, featuring @JCisnerosTX. \n\nWatch at 6 pm CT / 7 pm ET at https://t.co/vreIiWfeoS. https://t.co/SyfImsziCl",https://twitter.com/twitter/statuses/1322674513021149189
109,2020-11-01,11,['[]'],Texas votes,10,Democrats condemn Trump supporters who swarmed Texas campaign bus https://t.co/yi4lcTA7r2,https://twitter.com/twitter/statuses/1323021717514702849
110,2020-11-04,212,"[""[{'text': 'CNNElection', 'indices': [64, 76]}]""]",Texas votes,39,CNN PROJECTION: Donald Trump wins Texas https://t.co/8n221PBMEO #CNNElection https://t.co/v1OkjT9sGO,https://twitter.com/twitter/statuses/1323874579543171072
111,2020-11-03,20,['[]'],Texas votes,6,Judge dismisses Republican effort to invalidate Texas drive-through ballots https://t.co/RLvcZRyxFF,https://twitter.com/twitter/statuses/1323707461136752641
112,2020-11-01,77,['[]'],Texas votes,67,"With days before the election, Texas Republicans hope to invalidate 100,000 votes cast in Harris County. https://t.co/i7IYsIsChP",https://twitter.com/twitter/statuses/1322788892412620800
113,2020-11-07,12,['[]'],Texas votes,5,"""Why Democrats lost Latino voters along Texas border: They relied on loyalty https://t.co/mtW9rWw8jM""",https://twitter.com/twitter/statuses/1325000866496204800
114,2020-11-02,3,['[]'],Texas votes,2,"Eddie Hassell, Surface and The Kids Are All Right actor, killed in Texas shooting https://t.co/etWlPsOwwu",https://twitter.com/twitter/statuses/1323265518296567808
115,2020-11-02,251,['[]'],Texas votes,71,Perspective: Republicans now think Texas courts don‚Äôt decide their own election law https://t.co/gHghfKPmqD,https://twitter.com/twitter/statuses/1323269137985118208
116,2020-11-04,101,['[]'],Texas votes,15,"Cornyn wins reelection in Texas, holding off Senate challenge from MJ Hegar https://t.co/ThvjGb6uVG",https://twitter.com/twitter/statuses/1323887931984138240
117,2020-10-30,522,['[]'],Texas votes,60,"More than 9 million people have voted so far in Texas, surpassing the state‚Äôs total turnout from the 2016 general election https://t.co/qOIibqaCU4",https://twitter.com/twitter/statuses/1322304291944730624
118,2020-10-30,767,['[]'],Texas votes,119,"More than 9 million people have voted so far in Texas, surpassing the state‚Äôs total turnout from the 2016 general election https://t.co/qruDmIfVD8",https://twitter.com/twitter/statuses/1322181486666285056
119,2020-11-02,73,['[]'],Texas votes,35,Vandals target home and offices of politicians in Pennsylvania and party headquarters in Texas with similar messages https://t.co/nCQwg608bf,https://twitter.com/twitter/statuses/1323412219640557581
120,2020-11-08,5245,['[]'],Kamala Harris,333,"As Kamala D. Harris breaks barriers, India celebrates https://t.co/0o0CQ7ZsJl",https://twitter.com/twitter/statuses/1325347001391869953
121,2020-11-07,63,['[]'],Kamala Harris,9,Kamala Harris gives America a second family full of firsts https://t.co/j97wBgfWEt,https://twitter.com/twitter/statuses/1325139336367661056
122,2020-11-08,771,['[]'],Kamala Harris,114,"Live now: Joe Biden, Kamala Harris to deliver victory speeches https://t.co/Kcmdtvl3AZ",https://twitter.com/twitter/statuses/1325243656660537344
123,2020-11-09,11,['[]'],Kamala Harris,3,A woman of colour as US vice-president: three writers on what Kamala Harris means to them https://t.co/hjUQaTJQtv,https://twitter.com/twitter/statuses/1325710805027975169
124,2020-11-03,1793,['[]'],Kamala Harris,199,Kamala Harris tells voters in Detroit to ‚Äúencourage people to stand in line‚Äù https://t.co/SVZOenoOoo https://t.co/0GksoButDg,https://twitter.com/twitter/statuses/1323746816039538691
125,2020-11-02,4,['[]'],Kamala Harris,2,Lone Star turn: Kamala Harris campaigns in Texas in bid to flip state https://t.co/McEi6L3z1M,https://twitter.com/twitter/statuses/1323214540956442630
126,2020-11-07,40,['[]'],Kamala Harris,9,"""We are so proud: San Francisco Bay Area celebrates Kamala Harris, hometown hero https://t.co/NdWNXNUNTi""",https://twitter.com/twitter/statuses/1325188792710533120
127,2020-11-07,5211,['[]'],Kamala Harris,710,Kamala Harris makes history as first woman of color elected US vice-president https://t.co/mt21dm4prC,https://twitter.com/twitter/statuses/1325114288747524100
128,2020-11-08,4681,['[]'],Kamala Harris,425,"A century after the passage of the 19th Amendment, Kamala Harris is the vice president-elect. In her speech tonight, Harris said that while she may be the first woman to hold the office, she will not be the last. Read the full transcript: https://t.co/HpzDGc5mjR",https://twitter.com/twitter/statuses/1325261534281539585
129,2020-11-08,4526,['[]'],Kamala Harris,410,"A century after the passage of the 19th Amendment, Kamala Harris is the vice president-elect. In her speech tonight, Harris said that while she may be the first woman to hold the office, she will not be the last. Read the full transcript: https://t.co/HCZiMy3AjP",https://twitter.com/twitter/statuses/1325367463685595137
130,2020-11-09,549,['[]'],Kamala Harris,35,"Kamala Harris, as the first woman elected vice president, says she ""won\t be the last"" https://t.co/VFAQPbxBvk https://t.co/ocTg8iWpNZ",https://twitter.com/twitter/statuses/1325715776033132544
131,2020-11-07,0,"[""[{'text': 'Election2020', 'indices': [100, 113]}]""]",Kamala Harris,124,"RT @QuickTake: Vice President-elect Kamala Harris\ words to President-elect Joe Biden: ""We did it."" #Election2020 https://t.co/9QWvJJL6NY",https://twitter.com/twitter/statuses/1325137353749393412
132,2020-11-01,9234,['[]'],Kamala Harris,1071,Lady Gaga and John Legend to join Joe Biden and Kamala Harris for final campaign events https://t.co/bOzgBQfMUP https://t.co/4IxxaQbUWF,https://twitter.com/twitter/statuses/1323036862789898245
133,2020-11-09,483,['[]'],Kamala Harris,33,"""Joe Biden and Kamala Harris delivered victory speeches Saturday night. Heres what you need to know. https://t.co/NY0VGc9wZR https://t.co/V86VhUto67""",https://twitter.com/twitter/statuses/1325620136242540550
134,2020-11-07,0,"[""[{'text': 'Election2020', 'indices': [62, 75]}]""]",Kamala Harris,118,RT @QuickTake: üîâSan Francisco erupted in cheers minutes after #Election2020 was called for Joe Biden and Kamala Harris https://t.co/yZ6jelB‚Ä¶,https://twitter.com/twitter/statuses/1325156688769347585
135,2020-11-08,12070,['[]'],Kamala Harris,1281,"Kamala Devi Harris, a daughter of Indian and Jamaican immigrants, is set to become the highest-ranking woman in the nation‚Äôs 244-year existence https://t.co/3t62sPIq2X",https://twitter.com/twitter/statuses/1325229525257621506
136,2020-11-07,92,"[""[{'text': 'Election2020', 'indices': [100, 113]}]""]",Kamala Harris,21,"""PHOTOS: Supporters of Joe Biden and Kamala Harris celebrate the end of Donald J. Trumps presidency #Election2020 https://t.co/3dNRV5CfcE https://t.co/znKApTwpFx""",https://twitter.com/twitter/statuses/1325159114872336384
137,2020-11-08,906,['[]'],Kamala Harris,65,President-elect Joe Biden and Vice President-elect Kamala Harris to address the nation. Watch our live coverage. https://t.co/t36vc6RxMQ,https://twitter.com/twitter/statuses/1325242925417107457
138,2020-11-08,0,['[]'],Kamala Harris,119,RT @business: NOW: Vice President-Elect Kamala Harris addresses the nation after Joe Biden wins U.S. election https://t.co/uLZA0sESv8  http‚Ä¶,https://twitter.com/twitter/statuses/1325249089655644163
139,2020-12-04,0,"[""[{'text': 'ElectionResults2020', 'indices': [153, 173]}, {'text': 'USAElections2020', 'indices': [174, 191]}]""]",Kamala Harris,0,"Kamala Harris will, to all intents and purposes, be the President of the United States of America - *if* the Electoral College confirms a Democrat win.\n\n#ElectionResults2020 #USAElections2020",https://twitter.com/twitter/statuses/1334878466395746304
140,2020-12-05,0,['[]'],USA elections date,3,RT @CNBCTV18News: Why is there a long time gap from the date of election to the swearing in of the President?\n\n@latha_venkatesh with some l‚Ä¶,https://twitter.com/twitter/statuses/1335172320936148993
141,2020-12-05,0,['[]'],USA elections date,3,RT @CNBCTV18News: Why is there a long time gap from the date of election to the swearing in of the President?\n\n@latha_venkatesh with some l‚Ä¶,https://twitter.com/twitter/statuses/1335182844247777283
142,2020-11-10,1917,['[]'],USA elections date,824,Georgians have until December 7 to register to vote in Senate runoff and other key dates https://t.co/CpU5j0RNSH https://t.co/ItRRt2Jjer,https://twitter.com/twitter/statuses/1325952081816064002
143,2020-10-30,3,"[""[{'text': 'ElectionDay', 'indices': [105, 117]}]""]",USA elections date,0,A pandemic. Historic unemployment. Mass protests. This year‚Äôs election is historic. \n\nStay up to date on #ElectionDay with our interactive map and sign up for alerts  https://t.co/rQw8a8GZlB,https://twitter.com/twitter/statuses/1322234659737083905
144,2020-10-31,5,['[]'],USA elections date,4,"Iranian hackers accessed voter registration data in one state and attempted to access more in a series of targeted attacks dating back to September, a U.S. government cybersecurity advisory says https://t.co/8aETImrJ3O",https://twitter.com/twitter/statuses/1322378534275395584
145,2020-12-02,0,"[""[{'text': 'election2020', 'indices': [21, 34]}, {'text': 'USAElections2020', 'indices': [35, 52]}, {'text': 'USA', 'indices': [53, 57]}]""]",USA elections date,0,This should be good.\n#election2020 #USAElections2020\n#USA\n\nhttps://t.co/EAyv6PK0fg,https://twitter.com/twitter/statuses/1334216788725284864
146,2020-12-04,0,"[""[{'text': 'TechRules', 'indices': [231, 241]}, {'text': 'USElections', 'indices': [242, 254]}]""]",USA elections date,0,"""Embarrassing! Facebook &amp; Google know the names, address, birth date, gender, SSN of every America, but state election offices dont. @Facebook &amp; @Google even know what you buy, watch, listen and read, where you drive, etc. #TechRules #USElections @realDonaldTrump @JoeBiden""",https://twitter.com/twitter/statuses/1334700790716407810
147,2020-12-05,1,"[""[{'text': 'DNT', 'indices': [0, 4]}, {'text': 'Bitcoin', 'indices': [74, 82]}, {'text': 'XRP', 'indices': [83, 87]}, {'text': 'KLM', 'indices': [88, 92]}, {'text': 'TRX', 'indices': [93, 97]}, {'text': 'cryptocurrencies', 'indices': [98, 115]}, {'text': 'XRPCommunity', 'indices': [116, 129]}, {'text': 'Binance', 'indices': [130, 138]}, {'text': 'BTC', 'indices': [139, 143]}, {'text': 'altcoins', 'indices': [144, 153]}, {'text': 'Litecoin', 'indices': [154, 163]}, {'text': '4MoreYears', 'indices': [164, 175]}, {'text': 'AmericaFirst', 'indices': [176, 189]}, {'text': 'usa', 'indices': [190, 194]}, {'text': 'USAElections2020', 'indices': [195, 212]}, {'text': 'USA', 'indices': [213, 217]}, {'text': 'TrumpWon', 'indices': [218, 227]}]""]",USA elections date,1,#DNT is currently only $0.05 on @CoinBase and volume is up BIG this week! #Bitcoin #XRP #KLM #TRX #cryptocurrencies #XRPCommunity #Binance #BTC #altcoins #Litecoin #4MoreYears #AmericaFirst #usa #USAElections2020 #USA #TrumpWon https://t.co/tlBzQVz765,https://twitter.com/twitter/statuses/1335027635362000896
148,2020-12-06,0,"[""[{'text': 'USAElections2020', 'indices': [35, 52]}, {'text': 'houseofcards', 'indices': [53, 66]}, {'text': 'usa', 'indices': [67, 71]}]""]",USA elections date,0,House of cards ....Frank Underwood #USAElections2020 #houseofcards #usa https://t.co/UKlYV1K9Zx,https://twitter.com/twitter/statuses/1335683766765891586
149,2020-11-10,2,['[]'],USA elections date,2,"""USA v Europe: Is the balance of power in womens soccer shifting? https://t.co/1WQx1qMaZR""",https://twitter.com/twitter/statuses/1326163160974454788
150,2020-12-06,1,"[""[{'text': 'Viral', 'indices': [19, 25]}, {'text': 'USAElections2020', 'indices': [26, 43]}, {'text': 'USAelection2020', 'indices': [44, 60]}, {'text': 'USA', 'indices': [61, 65]}, {'text': 'Kraken', 'indices': [66, 73]}, {'text': 'StopTheSteaI', 'indices': [74, 87]}]""]",USA elections date,0,Please let this go #Viral #USAElections2020 #USAelection2020 #USA #Kraken #StopTheSteaI https://t.co/fLqfwUmZxU,https://twitter.com/twitter/statuses/1335516643104055301
151,2020-12-05,0,"[""[{'text': 'electionfraud2020', 'indices': [82, 100]}, {'text': 'electionfraud', 'indices': [101, 115]}, {'text': 'USA', 'indices': [116, 120]}, {'text': 'USAElections2020', 'indices': [121, 138]}, {'text': 'USAelection2020', 'indices': [139, 155]}, {'text': 'Pennsylvania', 'indices': [156, 169]}]""]",USA elections date,0,Senate Co-Sponsorship Memoranda - RESOLUTION: Disputing the 2020 General Election #electionfraud2020 #electionfraud #USA #USAElections2020 #USAelection2020 #Pennsylvania  https://t.co/Wo3Y7KotjD,https://twitter.com/twitter/statuses/1335311911303467011
152,2020-12-04,0,"[""[{'text': 'USAElections2020', 'indices': [37, 54]}, {'text': 'USA', 'indices': [76, 80]}, {'text': 'COVID„Éº19', 'indices': [91, 100]}, {'text': 'coronavirus', 'indices': [101, 113]}]""]",USA elections date,0,@realDonaldTrump continues to fiddle #USAElections2020 Elections2020 whilst #USA burns  of #COVID„Éº19 #coronavirus,https://twitter.com/twitter/statuses/1334964132739747840
153,2020-12-02,0,"[""[{'text': 'Infamy', 'indices': [0, 7]}, {'text': 'DonaldTrump', 'indices': [47, 59]}, {'text': 'USAElections2020', 'indices': [60, 77]}, {'text': 'USA', 'indices': [78, 82]}, {'text': 'Voters', 'indices': [83, 90]}]""]",USA elections date,0,"""#Infamy, Infamy, theyve all got it in for me!\n#DonaldTrump #USAElections2020 #USA #Voters https://t.co/83fsa6YbS9""",https://twitter.com/twitter/statuses/1334203317875052546
154,2020-12-03,0,"[""[{'text': 'Trump', 'indices': [0, 6]}, {'text': 'Lawsuit', 'indices': [7, 15]}, {'text': 'WisconsinSupremeCourt', 'indices': [27, 49]}, {'text': 'TrumpCrimeFamily', 'indices': [65, 82]}, {'text': 'Wisconsin', 'indices': [83, 93]}, {'text': 'USA', 'indices': [94, 98]}, {'text': 'USAElections2020', 'indices': [99, 116]}]""]",USA elections date,0,#Trump #Lawsuit rejects by #WisconsinSupremeCourt    by 4-3 vote\n#TrumpCrimeFamily\n#Wisconsin #USA\n#USAElections2020\n\nhttps://t.co/ELindhvZKm,https://twitter.com/twitter/statuses/1334591498910801921
155,2020-12-06,0,"[""[{'text': 'MarsHillBlog', 'indices': [0, 13]}, {'text': 'DonaldTrump', 'indices': [51, 63]}, {'text': 'Republicans', 'indices': [64, 76]}, {'text': 'Georgia', 'indices': [77, 85]}, {'text': 'USA', 'indices': [86, 90]}]""]",USA elections date,0,#MarsHillBlog Post On Trump campaigning in Georgia #DonaldTrump #Republicans #Georgia #USA https://t.co/r71oYvCd1V,https://twitter.com/twitter/statuses/1335613932137017347
156,2020-12-05,0,"[""[{'text': 'USA', 'indices': [35, 39]}, {'text': 'USAElections2020', 'indices': [40, 57]}, {'text': 'Hodgetwins', 'indices': [111, 122]}]""]",USA elections date,0,"""Who is writing Joe Bidens tweets? #USA #USAElections2020 @SebGorka @dbongino @SavageNation_  @realDonaldTrump #Hodgetwins""",https://twitter.com/twitter/statuses/1335289429615915008
157,2020-12-02,0,"[""[{'text': 'USAElections2020', 'indices': [179, 196]}, {'text': 'usa', 'indices': [197, 201]}]""]",USA elections date,0,Everyone on both sides of the aisle must pull their heads out of their a**** and wake up to the insane fraud. If this election is allowed to go through we have lost our republic. #USAElections2020 #usa,https://twitter.com/twitter/statuses/1334159138646085639
158,2020-12-05,0,"[""[{'text': 'USAelection2020', 'indices': [78, 94]}, {'text': 'USA', 'indices': [95, 99]}, {'text': 'USAElections2020', 'indices': [100, 117]}, {'text': 'usaelections', 'indices': [118, 131]}, {'text': 'Kraken', 'indices': [132, 139]}]""]",USA elections date,0,"""@kelliwardaz Its that simple!!!! Only dumb people dont or refuse to get it! #USAelection2020 #USA #USAElections2020 #usaelections #Kraken""",https://twitter.com/twitter/statuses/1335287308577214465
159,2020-12-05,0,"[""[{'text': 'USAElections2020', 'indices': [99, 116]}]""]",USA elections date,2,RT @12BridgeThemAll: Please wake up USA. The rest of the world is screaming at. WAKE THE FUCK UP!! #USAElections2020 https://t.co/eetd8VjJES,https://twitter.com/twitter/statuses/1335021875878121477
160,2020-11-06,0,['[]'],Final recount day,21,RT @business: On potential recounts: An elections official in Georgia yesterday hinted that a recount is possible. \n\nIt can be requested th‚Ä¶,https://twitter.com/twitter/statuses/1324723569394417664
161,2020-11-05,103,['[]'],Final recount day,25,"How recounts work in Wisconsin, Georgia and other key states https://t.co/bl1j2Yq5ut",https://twitter.com/twitter/statuses/1324446037226987523
162,2020-11-07,202,['[]'],Final recount day,31,How Katherine Harris became a celebrity during the 2000 recount in Florida https://t.co/KJ4Zx5di5W,https://twitter.com/twitter/statuses/1324961171414380545
163,2020-11-06,429,['[]'],Final recount day,74,Georgia says it plans to recount its votes in the presidential race https://t.co/ya1nwurJ0Q,https://twitter.com/twitter/statuses/1324749572472786945
164,2020-12-06,0,['[]'],Final recount day,4,RT @CarmsHockeyClub: It‚Äôs the final day of the quarter finals! \nPlease get voting and sharing for Carmsüåüwe appreciate all the support we‚Äôve‚Ä¶,https://twitter.com/twitter/statuses/1335659845253533700
165,2020-11-09,213,['[]'],Final recount day,42,"McConnell backs Trump‚Äôs legal challenges, says system ""will resolve any recounts"" https://t.co/PeXOBG6KxZ",https://twitter.com/twitter/statuses/1325906968377237504
166,2020-10-30,617,['[]'],Final recount day,86,"The Biden campaign will focus on Pennsylvania on Monday, the final day before the election https://t.co/vyCrBjJFFc",https://twitter.com/twitter/statuses/1322177467663208451
167,2020-11-04,6,['[]'],Final recount day,3,Pennsylvania Secretary of the Commonwealth Kathy Boockvar says she doesn‚Äôt think a recount in the state is inevitable https://t.co/z1jWYY4H3B,https://twitter.com/twitter/statuses/1324067643922489344
168,2020-11-07,18,"[""[{'text': 'Election2020', 'indices': [129, 142]}]""]",Final recount day,4,These 2020 battleground states are still counting votes. Here are the rules for recounts if Trump and Biden go down to the wire. #Election2020 https://t.co/L1GeAkzLpN,https://twitter.com/twitter/statuses/1324897249579687937
169,2020-10-31,170,['[]'],Final recount day,30,How the Biden campaign aims to court Latino voters in final stretch to Election Day https://t.co/6E0uTAYBs5,https://twitter.com/twitter/statuses/1322459313563160581
170,2020-10-30,265,['[]'],Final recount day,33,How the Biden campaign aims to court Latino voters in final stretch to Election Day https://t.co/4GQliTXmOX,https://twitter.com/twitter/statuses/1322034013473746949
171,2020-11-06,0,['[]'],Final recount day,47,"RT @QuickTake: Protesters gathered outside a ballot counting facility in Detroit are calling for votes to be recounted, claiming Trump won‚Ä¶",https://twitter.com/twitter/statuses/1324740597689819136
172,2020-11-04,0,['[]'],Final recount day,50,"RT @business: NEW: Trump will ask for a recount in Wisconsin, his campaign manager, Bill Stepien said. \n\nIn presidential elections, the sta‚Ä¶",https://twitter.com/twitter/statuses/1324056194173075456
173,2020-11-05,13,['[]'],Final recount day,11,Is the show finally over for Donald Trump? | Judith Butler https://t.co/sO5hJSrRg1,https://twitter.com/twitter/statuses/1324402780036075521
174,2020-11-30,0,"[""[{'text': 'IdiotInChief', 'indices': [11, 24]}, {'text': 'uselectionresults', 'indices': [66, 84]}]""]",Final recount day,0,You are an #IdiotInChief when are you going to finally accept the #uselectionresults @realDonaldTrump https://t.co/N7NQVYDMMK,https://twitter.com/twitter/statuses/1333246580216872960
175,2020-11-06,5,['[]'],Final recount day,2,Michigan couple with 14 sons finally has a daughter https://t.co/aZgJmPtbQl,https://twitter.com/twitter/statuses/1324819565637980162
176,2020-10-27,58,['[]'],Final recount day,15,Analysis: Where the race stands entering the final week https://t.co/SIMzoZoaZu,https://twitter.com/twitter/statuses/1321142897530515456
177,2020-10-31,11,['[]'],Final recount day,7,"LATEST: The U.S. reported at least 89,663 cases Friday, the most since the start of the outbreak for a second day in a row. The record comes in the final days of the presidential race https://t.co/SPbZLIRwlF https://t.co/2jn86iSLmd",https://twitter.com/twitter/statuses/1322337076570935296
178,2020-11-11,0,['[]'],Final recount day,95,RT @business: NEW: The Trump campaign is considering requesting recounts in at least two states ‚Äî\xa0but President-elect Joe Biden‚Äôs lead is b‚Ä¶,https://twitter.com/twitter/statuses/1326527404681162752
179,2020-11-06,1791,['[]'],Final recount day,286,"As of 11 a.m. Eastern, Joe Biden was leading by 1,586 votes in Georgia. The secretary of state confirmed Friday that because of the small margin between the presidential candidates, there will be a recount. https://t.co/Ykg1YwVhu3",https://twitter.com/twitter/statuses/1324747141236117504
180,2020-10-27,42,['[]'],How to boil water,10,Scientists have confirmed for the first time the presence of water on the moon‚Äôs sunlit surface. https://t.co/I69lECei6S,https://twitter.com/twitter/statuses/1320932957058682881
181,2020-11-02,2,['[]'],How to boil water,7,People of color more likely to live without piped water in richest US cities https://t.co/3eFMtnXTER,https://twitter.com/twitter/statuses/1323381657798430725
182,2020-11-03,166,['[]'],How to boil water,25,"Cruising won‚Äôt resume in U.S. waters until 2021, with lines renewing a voluntary suspension https://t.co/hMLRGdxyQ5",https://twitter.com/twitter/statuses/1323752612991246338
183,2020-11-10,2,['[]'],How to boil water,0,Pond to pin: Jon Rahm hits amazing water shot at Masters practice ‚Äì video https://t.co/SjcD0YSQAW,https://twitter.com/twitter/statuses/1326284107480002569
184,2020-11-04,219,['[]'],How to boil water,87,"Burst water pipe in Atlanta‚Äôs State Farm Arena delayed the counting of several thousand absentee ballots, officials say https://t.co/bPOrnLJjnM",https://twitter.com/twitter/statuses/1323805499284951040
185,2020-10-30,298,['[]'],How to boil water,83,"Top Senate Democrats are calling on electricity, water and telecommunications giants to voluntarily halt all utility shutoffs for the duration of the coronavirus pandemic https://t.co/CqtK0NP08D",https://twitter.com/twitter/statuses/1322212514034311169
186,2020-11-08,11,['[]'],How to boil water,4,"Riot police with water cannons moved on Sunday to disperse protesters outside the central elections commission building in Georgia‚Äôs capital, Tbilisi https://t.co/5I5md9IAUM",https://twitter.com/twitter/statuses/1325557722742448129
187,2020-10-30,15,['[]'],How to boil water,8,"The CDC says it will lift a ban on cruises in U.S. waters, even as government scientists warn that ships remain vulnerable to deadly Covid-19 outbreaks https://t.co/cOWdLmPTjL",https://twitter.com/twitter/statuses/1322314981103251456
188,2020-11-05,2080,['[]'],How to boil water,348,‚ÄúI am literally looking inside the whale‚Äôs mouth.‚Äù Two friends kayaking in California were tossed into the water by a surfacing humpback whale. (They are fine.) https://t.co/ZVQT6bdsX4 https://t.co/RHKOznjkyZ,https://twitter.com/twitter/statuses/1324479136753242112
189,2020-11-09,3319,['[]'],How to boil water,387,"Meet the dumbo octopus üêô just one of the creatures revealed by the Schmidt Ocean Institute during an exploration of the dark, uncharted waters more than a mile below the surface in the Coral Sea off Australia‚Äôs east coast https://t.co/78Se8Bq0f3 https://t.co/MVZCjbQML8",https://twitter.com/twitter/statuses/1325732385757990913
190,2020-12-06,0,"[""[{'text': 'Vote', 'indices': [11, 16]}, {'text': 'BidenHarris', 'indices': [45, 57]}, {'text': 'FireTrump', 'indices': [78, 88]}, {'text': 'INDIGENOUS', 'indices': [219, 230]}, {'text': 'BlackLivesMatter', 'indices': [231, 248]}, {'text': 'Children', 'indices': [249, 258]}]""]",How to boil water,0,"We did not #Vote for @JoeBiden @KamalaHarris #BidenHarris ~ We were Voting to #FireTrump and we did ~ \nHealthcare, Cannabis, Housing for all Americans, clean Water to drink, Education, we will have to keep fighting for #INDIGENOUS #BlackLivesMatter #Children @DNC does not care https://t.co/QEUdo6YyxR",https://twitter.com/twitter/statuses/1335680037471793153
191,2020-10-27,1038,['[]'],How to boil water,613,"Special report: During Trump‚Äôs term, millions of government and GOP dollars have flowed to his properties.\n\nFor instance, Mar-a-Lago charged the government $3 apiece for glasses of water for Trump and the Japanese leader. https://t.co/bhdEbgEpXp",https://twitter.com/twitter/statuses/1321138590290685954
192,2020-11-09,218,['[]'],How to boil water,40,"In July, Pfizer and BioNTech initiated a late-stage clinical trial on a coronavirus vaccine. Half of the people got the vaccine, while the other half got a placebo of salt water. https://t.co/bNMMyyO1Ri https://t.co/dgC9rsnmsT",https://twitter.com/twitter/statuses/1325918000910888961
193,2020-11-03,4197,['[]'],How to boil water,357,"""It was 30 years ago that Bernie and I and Maxine Waters, Lane Evans, Ron Dellums and Tom Adams founded the Progressive Caucus. There were six of us. Six. Now it‚Äôs the second largest caucus in the House.‚Äù ‚Äì@DeFazio4Oregon https://t.co/bpTjhHt33U",https://twitter.com/twitter/statuses/1323466078358556673
194,2020-12-06,0,"[""[{'text': 'DonaldTrump', 'indices': [63, 75]}, {'text': 'COVID19', 'indices': [118, 126]}, {'text': 'DiaperDonald', 'indices': [150, 163]}, {'text': 'GriftOfTheMAGA', 'indices': [256, 271]}]""]",How to boil water,0,"""@FrankLuntz @RBGInitiative Exactly. \n\nHCQ seems so long ago. \n\n#DonaldTrump says he took that stuff, yet he STILL got #COVID19, so, yet ANOTHER thing #DiaperDonald has tried to push thats proven to be BS, and people STILL believe him.... \n\nIf he told his #GriftOfTheMAGA crowd he could walk on water....""",https://twitter.com/twitter/statuses/1335623996314775552
